ticker,entry_date,exit_date,success_rate,matched_signals,allocated_cash,contracts,entry_option_price,exit_option_price,entry_spot,exit_spot_close,pnl,return_pct,exit_reason
LH,2025-03-13,2025-03-14,100.0,41,4415.112398455405,7,6.3073034263648635,6.9380337690013505,235.64999389648438,239.52999877929688,441.51123984554033,9.999999999999996,tp_day1
CHD,2025-03-14,2025-03-17,100.0,22,4962.699735912197,15,3.3084664906081316,3.639313139668945,109.0999984741211,109.31999969482422,496.26997359122015,10.000000000000009,tp_day1
BSX,2025-03-17,2025-03-18,96.66666666666667,120,5454.856911974769,13,4.19604377844213,4.615648156286343,98.9000015258789,99.22000122070312,545.4856911974775,10.000000000000012,tp_day1
GL,2025-03-18,2025-03-19,96.7741935483871,62,5409.44348718798,12,4.5078695726566504,4.958656529922316,126.97000122070312,127.4000015258789,540.9443487187991,10.00000000000002,tp_day1
GL,2025-03-19,2025-03-20,97.82608695652173,92,5882.2594915626605,13,4.524814993509739,4.977296492860713,127.4000015258789,128.60000610351562,588.2259491562663,10.000000000000005,tp_day1
GL,2025-03-20,2025-03-21,97.36842105263158,76,5968.651086354368,13,4.5912700664264365,4.132143059783793,128.60000610351562,126.83000183105469,-596.8651086354366,-9.999999999999996,stop
RSG,2025-03-21,2025-03-24,100.0,20,5662.35961526756,11,5.147599650243236,5.66235961526756,233.33999633789062,235.99000549316406,566.235961526756,10.0,tp_day1
CB,2025-03-24,2025-03-25,95.74468085106383,47,6263.155999381975,7,8.94736571340282,8.052629142062539,291.44000244140625,291.3999938964844,-626.3155999381979,-10.000000000000007,stop
SYK,2025-03-25,2025-03-26,97.91666666666666,48,5455.889040773217,5,10.911778081546434,9.82060027339179,372.8699951171875,367.7699890136719,-545.5889040773218,-10.000000000000002,stop
STE,2025-03-26,2025-03-27,96.96969696969697,66,5379.478682280043,9,5.977198535866714,6.574918389453386,223.05999755859375,224.22999572753906,537.9478682280042,9.999999999999996,tp_day1
VLTO,2025-03-27,2025-03-28,96.18320610687023,131,5968.449619443672,23,2.594978095410293,2.3354802858692634,97.88999938964844,96.04000091552734,-596.8449619443663,-9.999999999999986,stop
ALL,2025-03-28,2025-03-31,100.0,11,5196.592424753591,8,6.4957405309419896,7.145314584036189,206.4499969482422,207.07000732421875,519.6592424753599,10.000000000000014,tp_day1
LUV,2025-03-31,2025-04-01,100.0,22,5819.467320196698,32,1.818583537561468,1.6367251838053214,33.58000183105469,31.59000015258789,-581.9467320196691,-9.999999999999988,stop
CHD,2025-04-01,2025-04-02,100.0,20,5425.453114664511,19,2.855501639297111,2.5699514753674,109.47000122070312,108.31999969482422,-542.5453114664506,-9.99999999999999,stop
RSG,2025-04-02,2025-04-03,100.0,17,4954.138258406107,10,4.954138258406107,4.458724432565496,244.82000732421875,248.44000244140625,-495.4138258406101,-9.99999999999999,stop
RSG,2025-04-03,2025-04-04,100.0,16,5039.3849595830225,11,4.581259054166384,4.123133148749745,248.44000244140625,235.4199981689453,-503.93849595830216,-9.999999999999998,stop
LEN,2025-04-04,2025-04-07,90.2439024390244,41,4697.462214709532,9,5.21940246078837,4.697462214709533,111.02999877929688,107.08000183105469,-469.74622147095306,-9.999999999999996,stop
TMUS,2025-04-07,2025-04-08,100.0,14,4486.384884387993,4,11.215962210969984,10.094365989872985,246.6699981689453,246.3000030517578,-448.63848843879896,-9.999999999999993,stop
CAH,2025-04-08,2025-04-09,100.0,17,4240.438481197893,9,4.711598312442104,4.240438481197893,125.0,130.4499969482422,-424.04384811978935,-10.0,stop
RSG,2025-04-09,2025-04-10,100.0,27,3931.9298064165623,4,9.829824516041406,8.846842064437265,239.25999450683594,240.22999572753906,-393.1929806416565,-10.000000000000007,stop
ROL,2025-04-10,2025-04-11,95.65217391304348,23,3996.24254671616,16,2.4976515916976,2.74741675086736,54.11000061035156,55.220001220703125,399.62425467161574,9.999999999999993,tp_day1
RSG,2025-04-11,2025-04-14,100.0,25,4011.845073184468,4,10.02961268296117,11.03257395125729,243.9199981689453,245.55999755859375,401.18450731844723,10.00000000000001,tp_day1
PODD,2025-04-14,2025-04-15,96.62162162162163,148,3194.023790035625,2,15.970118950178126,17.56713084519594,255.47000122070312,256.42999267578125,319.40237900356306,10.000000000000018,tp_day1
PODD,2025-04-15,2025-04-16,96.35036496350365,137,3206.9242098937507,2,16.034621049468754,14.43115894452188,256.42999267578125,250.72999572753906,-320.692420989375,-10.0,stop
PODD,2025-04-16,2025-04-17,92.3076923076923,26,3130.0570389011614,2,15.650285194505807,14.085256675055227,250.72999572753906,246.8000030517578,-313.0057038901159,-9.999999999999993,stop
CB,2025-04-17,2025-04-21,95.23809523809523,42,3752.361260212576,3,12.507870867375251,11.257083780637727,285.5899963378906,279.7799987792969,-375.23612602125786,-10.000000000000007,stop
ABT,2025-04-21,2025-04-22,92.85714285714286,14,3739.086702605229,7,5.341552432293184,5.875707675522503,129.88999938964844,131.72999572753906,373.90867026052365,10.00000000000002,tp_day1
BSX,2025-04-22,2025-04-23,95.05494505494505,182,4053.0058470461204,7,5.790008352923029,6.369009188215332,95.05000305175781,98.91999816894531,405.300584704612,10.0,tp_day1
TMUS,2025-04-23,2025-04-24,100.0,17,3884.8224470493396,3,12.949408156831131,14.244348972514246,259.3500061035156,262.17999267578125,388.4822447049337,9.999999999999993,tp_day1
RSG,2025-04-24,2025-04-25,100.0,16,4062.778851349939,4,10.156947128374847,11.172641841212332,240.75999450683594,243.55999755859375,406.277885134994,10.000000000000002,tp_day1
RSG,2025-04-25,2025-04-28,100.0,35,4124.01825781275,4,10.310045644531874,11.341050208985061,243.55999755859375,246.11000061035156,412.40182578127497,10.0,tp_day1
VRSK,2025-04-28,2025-04-29,95.16129032258065,62,4152.838584481153,3,13.842795281603845,15.22707480976423,288.4100036621094,292.3699951171875,415.283858448116,10.000000000000018,tp_day1
RSG,2025-04-29,2025-04-30,100.0,27,5205.662949009128,5,10.411325898018255,11.452458487820081,247.6999969482422,250.75,520.566294900912,9.999999999999984,tp_day1
RSG,2025-04-30,2025-05-01,100.0,18,5298.9975574751425,5,10.597995114950285,9.538195603455257,250.75,249.41000366210938,-529.8997557475141,-9.999999999999996,stop
TMUS,2025-05-01,2025-05-02,100.0,22,3640.1831167193286,2,18.200915583596643,20.02100714195631,247.0,248.8800048828125,364.0183116719336,10.00000000000002,tp_day1
GL,2025-05-02,2025-05-05,97.91666666666666,96,5020.587173452057,6,8.367645289086761,7.530880760178086,121.83000183105469,121.48999786376953,-502.0587173452059,-10.000000000000004,stop
CB,2025-05-05,2025-05-06,95.83333333333334,48,4972.146697832106,5,9.944293395664213,10.938722735230634,287.8299865722656,289.0,497.2146697832104,9.999999999999996,tp_day1
ABT,2025-05-06,2025-05-07,95.65217391304348,23,5365.278940482083,15,3.5768526269880554,3.9345378896868612,133.05999755859375,133.9499969482422,536.5278940482085,10.000000000000004,tp_day1
BSX,2025-05-07,2025-05-08,94.9438202247191,178,5482.366840529088,12,4.56863903377424,4.111775130396817,104.80000305175781,103.29000091552734,-548.2366840529085,-9.999999999999993,stop
STE,2025-05-08,2025-05-09,96.7741935483871,93,5254.096601248249,9,5.837885112498054,5.254096601248249,225.86000061035156,226.42999267578125,-525.4096601248248,-9.999999999999998,stop
VRSK,2025-05-09,2025-05-12,96.66666666666667,90,4173.698163530118,4,10.434245408825294,9.390820867942764,309.5,303.6499938964844,-417.36981635301254,-10.000000000000018,stop
PODD,2025-05-12,2025-05-13,95.09803921568627,102,2988.5951596850746,1,29.885951596850745,32.87454675653582,316.6700134277344,314.4599914550781,298.85951596850737,9.999999999999996,tp_day1
DASH,2025-05-13,2025-05-14,95.09803921568627,204,4175.321052500674,3,13.917736841668914,15.309510525835806,197.8000030517578,196.83999633789062,417.5321052500676,10.000000000000005,tp_day1
RSG,2025-05-14,2025-05-15,100.0,28,5199.263817009701,9,5.7769597966774455,6.354655776345191,238.07000732421875,244.9600067138672,519.9263817009714,10.000000000000027,tp_day1
LH,2025-05-15,2025-05-16,98.33333333333333,60,4983.851146389326,5,9.967702292778652,10.964472522056518,246.27000427246094,249.52000427246094,498.38511463893246,9.999999999999998,tp_day1
VRSK,2025-05-16,2025-05-19,96.62921348314607,89,5396.145833392351,5,10.7922916667847,11.871520833463173,309.57000732421875,314.3500061035156,539.6145833392357,10.00000000000001,tp_day1
GL,2025-05-19,2025-05-21,98.80952380952381,84,5689.492960075112,13,4.376533046211625,3.9388797415904624,122.20999908447266,120.19999694824219,-568.9492960075113,-10.000000000000002,stop
VRSN,2025-05-20,2025-05-21,96.0,25,5639.746111871392,5,11.279492223742784,12.407441446117064,280.8399963378906,281.0799865722656,563.97461118714,10.000000000000014,tp_day1
GEV,2025-05-21,2025-05-22,92.99363057324841,157,4427.537464917278,2,22.13768732458639,19.92391859212775,453.0299987792969,458.82000732421875,-442.7537464917277,-9.999999999999998,stop
RSG,2025-05-22,2025-05-23,100.0,16,5779.159784790216,9,6.4212886497669075,7.063417514743599,251.0,252.86000061035156,577.9159784790236,10.000000000000036,tp_day1
GL,2025-05-23,2025-05-27,98.68421052631578,76,6041.577477067195,16,3.775985923166997,4.153584515483697,119.41000366210938,122.26000213623047,604.1577477067203,10.000000000000012,tp_day1
DG,2025-05-27,2025-05-28,95.34883720930233,43,5976.080272768271,12,4.980066893973559,4.482060204576204,100.9800033569336,97.7699966430664,-597.6080272768268,-9.999999999999993,stop
GEV,2025-05-28,2025-05-29,92.90322580645162,155,5783.147087852307,3,19.27715695950769,17.34944126355692,485.010009765625,471.1700134277344,-578.3147087852312,-10.000000000000009,stop
TMUS,2025-05-29,2025-05-30,100.0,25,5841.970664920609,10,5.841970664920609,6.42616773141267,239.3000030517578,242.1999969482422,584.1970664920609,10.0,tp_day1
SHW,2025-05-30,2025-06-02,95.58823529411765,68,5721.247263111209,6,9.535412105185348,8.581870894666814,358.80999755859375,355.44000244140625,-572.12472631112,-9.999999999999984,stop
TMUS,2025-06-02,2025-06-03,100.0,28,5565.811979578225,9,6.184235532864695,6.802659086151165,243.05999755859375,243.8800048828125,556.581197957823,10.000000000000007,tp_day1
RSG,2025-06-03,2025-06-04,100.0,23,5787.423461764512,9,6.43047051307168,5.787423461764512,256.4599914550781,254.1199951171875,-578.7423461764502,-9.999999999999982,stop
AXON,2025-06-04,2025-06-05,95.78947368421052,190,5096.016760703483,1,50.960167607034826,56.05618436773831,780.0,788.3599853515625,509.60167607034873,10.000000000000009,tp_day1
RSG,2025-06-05,2025-06-06,97.36842105263158,38,5820.0721146319975,9,6.4667467940355525,7.113421473439108,253.16000366210938,252.97000122070312,582.0072114632003,10.000000000000009,tp_day1
VRSK,2025-06-06,2025-06-09,95.65217391304348,69,6190.013895312308,10,6.190013895312307,5.571012505781077,319.6000061035156,313.2699890136719,-619.0013895312304,-9.999999999999993,stop
LH,2025-06-09,2025-06-10,96.875,32,5696.724523328246,7,8.138177890468922,8.951995679515816,255.72999572753906,259.3699951171875,569.6724523328257,10.000000000000021,tp_day1
TMUS,2025-06-10,2025-06-11,100.0,29,6119.634670553585,10,6.119634670553585,5.5076712034982265,236.97999572753906,230.94000244140625,-611.9634670553587,-10.000000000000004,stop
RSG,2025-06-11,2025-06-12,100.0,30,5639.416291634167,11,5.126742083303788,5.639416291634167,248.24000549316406,251.85000610351562,563.941629163417,10.000000000000005,tp_day1
ADP,2025-06-12,2025-06-13,100.0,11,6049.047560900674,9,6.721163956556305,6.049047560900675,309.75,306.82000732421875,-604.9047560900672,-9.999999999999995,stop
EXE,2025-06-13,2025-06-16,100.0,10,5898.038617235164,17,3.4694344807265667,3.8163779287992234,116.45999908447266,118.61000061035156,589.8038617235161,9.999999999999995,tp_day1
VLTO,2025-06-16,2025-06-17,96.0,150,6300.747726140201,34,1.8531610959235885,1.6678449863312297,97.77999877929688,97.44000244140625,-630.0747726140198,-9.999999999999995,stop
RSG,2025-06-17,2025-06-18,98.21428571428571,56,5870.150279857383,14,4.192964485612416,3.7736680370511744,248.97999572753906,248.27999877929688,-587.0150279857389,-10.00000000000001,stop
PODD,2025-06-18,2025-06-20,95.6043956043956,91,5408.502441802648,8,6.76062805225331,7.4366908574786414,301.7900085449219,303.1499938964844,540.8502441802657,10.000000000000018,tp_day1
VRSN,2025-06-20,2025-06-23,98.30508474576271,59,5498.761488778997,7,7.855373555398566,8.640910910938423,280.7300109863281,282.8900146484375,549.8761488779,10.000000000000005,tp_day1
GL,2025-06-23,2025-06-24,97.77777777777777,90,6121.904207756933,21,2.915192479884254,3.2067117278726793,122.11000061035156,122.91000366210938,612.1904207756943,10.000000000000016,tp_day1
RSG,2025-06-24,2025-06-25,100.0,34,6272.907572958926,15,4.181938381972617,3.7637445437753554,250.75,243.8800048828125,-627.290757295893,-10.000000000000005,stop
FOXA,2025-06-25,2025-06-26,96.29629629629629,54,6224.73104314394,38,1.6380871166168263,1.8018958282785091,55.9900016784668,56.68000030517578,622.4731043143947,10.000000000000012,tp_day1
AMT,2025-06-26,2025-06-27,100.0,12,6381.865517428585,14,4.5584753695918465,4.102627832632662,217.52000427246094,217.77999877929688,-638.1865517428578,-9.999999999999988,stop
PODD,2025-06-27,2025-06-30,95.95959595959596,99,6247.192862438574,8,7.8089910780482175,8.58989018585304,313.0799865722656,314.17999267578125,624.7192862438587,10.000000000000021,tp_day1
PODD,2025-06-30,2025-07-01,97.43589743589743,195,6267.618319325857,8,7.834522899157321,7.051070609241589,314.17999267578125,299.989990234375,-626.7618319325857,-10.0,stop
RSG,2025-07-01,2025-07-02,100.0,18,5954.561120217535,12,4.962134266847946,4.465920840163152,244.6699981689453,237.69000244140625,-595.4561120217531,-9.999999999999993,stop
ETR,2025-07-02,2025-07-03,100.0,15,5866.407265121638,32,1.833252270350512,2.0165774973855632,81.31999969482422,81.91999816894531,586.6407265121643,10.000000000000007,tp_day1
PODD,2025-07-03,2025-07-07,95.95959595959596,99,5798.6816343360515,6,9.664469390560086,8.698022451504078,301.04998779296875,300.70001220703125,-579.8681634336044,-9.999999999999988,stop
HD,2025-07-07,2025-07-08,100.0,16,5612.166795735362,6,9.353611326225604,10.288972458848164,367.6400146484375,367.5,561.2166795735357,9.999999999999991,tp_day1
ETR,2025-07-08,2025-07-09,100.0,16,6180.8732023168195,34,1.8179038830343586,1.9996942713377945,80.93000030517578,81.45999908447266,618.0873202316816,9.999999999999993,tp_day1
EXE,2025-07-09,2025-07-10,100.0,11,6293.7842333659655,16,3.9336151458537283,3.5402536312683557,105.19999694824219,105.19999694824219,-629.3784233365968,-10.000000000000005,stop
WRB,2025-07-10,2025-07-11,100.0,12,6178.915168115874,34,1.8173279906223159,1.6355951915600844,69.1500015258789,68.87999725341797,-617.8915168115873,-10.0,stop
ROL,2025-07-11,2025-07-14,95.83333333333334,24,5908.0526283973195,49,1.2057250262035346,1.326297528823888,55.2599983215332,55.7400016784668,590.8052628397318,9.999999999999996,tp_day1
GL,2025-07-14,2025-07-15,97.5,80,5882.614297905686,16,3.676633936191054,3.3089705425719487,120.69000244140625,117.73999786376953,-588.2614297905675,-9.99999999999998,stop
ATO,2025-07-15,2025-07-16,100.0,10,5683.481517665613,18,3.1574897320364514,3.473238705240097,154.10000610351562,154.8300018310547,568.3481517665614,10.000000000000002,tp_day1
VRSN,2025-07-16,2025-07-17,98.4126984126984,63,5883.8383667250755,9,6.537598185250085,5.883838366725076,283.2699890136719,280.8599853515625,-588.3838366725067,-9.999999999999986,stop
GL,2025-07-17,2025-07-18,97.8021978021978,91,5706.401281596353,14,4.076000915425967,4.483601006968564,121.5999984741211,122.08999633789062,570.6401281596354,10.000000000000002,tp_day1
GL,2025-07-18,2025-07-21,97.75280898876404,89,6142.576949128061,15,4.095051299418707,3.6855461694768366,122.08999633789062,120.29000091552734,-614.2576949128061,-10.0,stop
LH,2025-07-21,2025-07-22,97.40259740259741,77,5598.4462807282625,10,5.598446280728263,6.1582909088010895,243.0399932861328,252.07000732421875,559.8446280728276,10.000000000000025,tp_day1
VLTO,2025-07-22,2025-07-23,95.41284403669725,109,6110.564302310655,27,2.263171963818761,2.036854767436885,102.54000091552734,101.80999755859375,-611.0564302310659,-10.000000000000005,stop
ROL,2025-07-23,2025-07-24,96.55172413793103,29,5820.089652298484,48,1.2125186775621841,1.3337705453184026,55.15999984741211,58.029998779296875,582.0089652298484,10.0,tp_day1
DASH,2025-07-24,2025-07-25,95.67307692307693,208,5771.902386140755,6,9.619837310234592,10.581821041258053,243.69000244140625,249.9199981689453,577.1902386140773,10.000000000000032,tp_day1
ROL,2025-07-25,2025-07-28,98.0392156862745,51,6467.276253130198,37,1.7479125008459993,1.5731212507613994,58.09000015258789,57.2599983215332,-646.7276253130194,-9.999999999999995,stop
PODD,2025-07-28,2025-07-29,96.31336405529954,217,5371.680800530245,6,8.952801334217074,9.848081467638783,292.2699890136719,291.489990234375,537.1680800530248,10.000000000000005,tp_day1
VLO,2025-07-29,2025-07-30,96.29629629629629,27,6173.9406582459205,9,6.859934064717689,6.17394065824592,144.72999572753906,139.3699951171875,-617.3940658245929,-10.000000000000012,stop
HD,2025-07-30,2025-07-31,100.0,16,5438.02205963879,6,9.063370099397984,8.157033089458185,372.0799865722656,367.510009765625,-543.8022059638788,-9.999999999999996,stop
DASH,2025-07-31,2025-08-01,95.52238805970148,201,5478.679158258408,6,9.131131930430682,8.218018737387613,250.25,248.35000610351562,-547.8679158258401,-9.999999999999986,stop
AMCR,2025-08-01,2025-08-04,100.0,19,5487.548524777231,45,1.2194552277282735,1.341400750501101,46.5,47.0,548.7548524777221,9.99999999999998,tp_day1
VLTO,2025-08-04,2025-08-05,96.93251533742331,163,5770.7781489991785,23,2.50903397782573,2.759937375608303,106.94999694824219,106.55999755859375,577.0778148999188,10.000000000000018,tp_day1
LH,2025-08-05,2025-08-06,95.45454545454545,44,5468.603871887879,5,10.937207743775756,12.030928518153333,263.4800109863281,260.8500061035156,546.8603871887872,9.999999999999986,tp_day1
GL,2025-08-06,2025-08-07,97.36842105263158,114,6027.092831212949,9,6.696769812458832,7.366446793704716,141.22999572753906,140.5,602.7092831212958,10.000000000000014,tp_day1
GILD,2025-08-07,2025-08-08,95.83333333333334,24,6328.598177034586,14,4.520427269310419,4.972469996241461,110.27999877929688,119.41000366210938,632.8598177034592,10.000000000000009,tp_day1
KLAC,2025-08-08,2025-08-11,94.8905109489051,137,4178.7210938852695,1,41.787210938852695,45.96593203273797,914.7999877929688,910.1799926757812,417.87210938852695,10.0,tp_day1
NWS,2025-08-11,2025-08-12,96.7741935483871,93,7160.4330461224135,103,0.6951876743808167,0.7647064418188985,32.880001068115234,33.279998779296875,716.0433046122416,10.000000000000004,tp_day1
GL,2025-08-12,2025-08-13,97.97979797979798,99,6960.441195989046,11,6.327673814535497,6.960441195989047,139.74000549316406,139.0,696.044119598906,10.000000000000021,tp_day1
ALLE,2025-08-13,2025-08-14,95.41284403669725,109,7351.211901092028,11,6.682919910083662,6.014627919075296,169.6199951171875,168.5500030517578,-735.1211901092029,-10.0,stop
NWS,2025-08-14,2025-08-15,97.02970297029702,101,7559.878634428923,91,0.8307558938932882,0.7476803045039594,34.400001525878906,34.029998779296875,-755.9878634428924,-10.0,stop
ETR,2025-08-15,2025-08-18,100.0,11,7005.341637546388,33,2.122830799256481,1.910547719330833,89.12000274658203,87.8499984741211,-700.5341637546389,-10.000000000000002,stop
BKR,2025-08-18,2025-08-19,95.55555555555556,45,6626.870187702265,27,2.454396365815654,2.699836002397219,42.869998931884766,42.95000076293945,662.6870187702261,9.999999999999995,tp_day1
PODD,2025-08-19,2025-08-20,96.17224880382776,209,6628.298451376038,4,16.570746128440096,18.227820741284106,327.4800109863281,333.0,662.829845137604,10.000000000000004,tp_day1
VMC,2025-08-20,2025-08-21,100.0,12,6858.5882443897835,9,7.620653604877538,8.382718965365292,286.2799987792969,288.2799987792969,685.8588244389794,10.000000000000014,tp_day1
ETR,2025-08-21,2025-08-22,100.0,17,7706.7245983277035,35,2.2019213138079152,2.4221134451887067,89.22000122070312,89.33000183105469,770.6724598327701,9.999999999999996,tp_day1
DG,2025-08-25,2025-08-26,95.0,60,8045.427936518904,23,3.498012146312567,3.1482109316813105,112.3499984741211,110.5,-804.5427936518909,-10.000000000000005,stop
GL,2025-08-26,2025-08-27,97.01492537313433,67,7646.317046165355,22,3.475598657347889,3.8231585230826783,139.69000244140625,140.49000549316406,764.6317046165368,10.000000000000018,tp_day1
GL,2025-08-27,2025-08-28,97.16981132075472,106,8114.081815477039,24,3.3808674231154328,3.718954165426976,140.49000549316406,140.4600067138672,811.4081815477039,10.0,tp_day1
GL,2025-08-28,2025-08-29,97.84946236559139,93,8424.150078332481,25,3.3696600313329923,3.032694028199693,140.4600067138672,139.9499969482422,-842.4150078332486,-10.000000000000005,stop
BK,2025-08-29,2025-09-02,96.66666666666667,30,8109.9590978464275,34,2.3852820876018903,2.1467538788417015,105.5999984741211,104.69999694824219,-810.9959097846422,-9.999999999999993,stop
ETR,2025-09-02,2025-09-03,100.0,20,7666.452444645661,47,1.6311600946054596,1.4680440851449137,87.41000366210938,87.19999694824219,-766.6452444645665,-10.000000000000005,stop
CNP,2025-09-03,2025-09-04,100.0,10,7403.561759709248,125,0.5922849407767398,0.5330564466990658,37.619998931884766,37.459999084472656,-740.3561759709246,-9.999999999999998,stop
ATO,2025-09-04,2025-09-05,100.0,10,6753.821881963618,19,3.554643095770325,3.1991787861932925,164.7899932861328,166.47999572753906,-675.3821881963622,-10.000000000000005,stop
ETR,2025-09-05,2025-09-08,100.0,17,6586.406282384005,40,1.646601570596001,1.481941413536401,87.75,86.83000183105469,-658.6406282384005,-10.0,stop
ETR,2025-09-08,2025-09-09,100.0,19,6352.8757928955565,38,1.671809419183041,1.8389903611013454,86.83000183105469,87.01000213623047,635.2875792895566,10.000000000000014,tp_day1
GL,2025-09-09,2025-09-10,97.5,80,6618.832516729482,24,2.7578468819706177,2.482062193773556,140.4600067138672,139.02000427246094,-661.883251672949,-10.000000000000012,stop
ADP,2025-09-10,2025-09-11,100.0,11,5906.870055912499,9,6.563188951013887,7.219507846115277,292.3900146484375,298.0299987792969,590.6870055912495,9.999999999999993,tp_day1
FOXA,2025-09-11,2025-09-12,97.01492537313433,67,6522.386339524094,26,2.5086101305861903,2.7594711436448094,58.72999954223633,58.25,652.238633952411,10.000000000000025,tp_day1
LIN,2025-09-12,2025-09-15,96.29629629629629,27,6608.646603626521,8,8.260808254533151,7.434727429079836,482.0400085449219,476.7300109863281,-660.8646603626521,-10.0,stop
GL,2025-09-15,2025-09-16,97.43589743589743,117,6452.7610831629245,23,2.8055482970273586,2.524993467324623,142.42999267578125,140.86000061035156,-645.2761083162923,-9.999999999999998,stop
AFL,2025-09-16,2025-09-17,100.0,24,6320.186098641515,27,2.340809666163524,2.574890632779877,107.62999725341797,109.2300033569336,632.0186098641525,10.000000000000016,tp_day1
CAH,2025-09-17,2025-09-18,96.1038961038961,77,6619.16915351353,17,3.893628913831488,3.504266022448339,148.67999267578125,150.0399932861328,-661.916915351353,-10.000000000000002,stop
LH,2025-09-18,2025-09-19,97.43589743589743,78,6270.144047875045,10,6.2701440478750445,6.897158452662549,277.1499938964844,277.2699890136719,627.0144047875056,10.000000000000018,tp_day1
GL,2025-09-19,2025-09-22,98.0392156862745,102,6346.314857600211,21,3.0220546940953383,2.7198492246858046,145.42999267578125,145.25,-634.6314857600219,-10.000000000000012,stop
VRSN,2025-09-22,2025-09-23,97.36842105263158,76,5869.507561214997,10,5.869507561214997,5.282556805093497,282.739990234375,286.6400146484375,-586.9507561214987,-9.999999999999982,stop
VRSN,2025-09-23,2025-09-24,97.33333333333334,75,5783.177083354309,10,5.7831770833543095,5.204859375018879,286.6400146484375,285.260009765625,-578.3177083354303,-9.999999999999991,stop
HD,2025-09-24,2025-09-25,100.0,19,5707.853763030509,7,8.154076804329298,7.338669123896368,409.7699890136719,407.45001220703125,-570.7853763030516,-10.000000000000012,stop
GL,2025-09-25,2025-09-26,97.67441860465115,86,5125.142236369438,16,3.203213897730899,3.523535287503989,143.02999877929688,144.55999755859375,512.5142236369438,10.0,tp_day1
HD,2025-09-29,2025-09-30,100.0,15,5039.420927896104,6,8.399034879826841,7.559131391844157,406.79998779296875,405.19000244140625,-503.9420927896099,-9.99999999999999,stop
ETR,2025-09-30,2025-10-01,100.0,10,5251.496482781269,23,2.2832593403396824,2.5115852743736506,93.19000244140625,93.4000015258789,525.1496482781267,9.999999999999996,tp_day1
AFL,2025-10-01,2025-10-02,100.0,23,5607.831422074383,24,2.336596425864326,2.102936783277894,110.75,110.5999984741211,-560.7831422074378,-9.999999999999991,stop
ADP,2025-10-02,2025-10-03,100.0,15,5031.039458324544,8,6.288799322905681,5.659919390615113,289.8699951171875,291.30999755859375,-503.103945832454,-9.999999999999991,stop
ADP,2025-10-03,2025-10-06,97.22222222222221,36,4767.041637583757,8,5.958802046979696,5.362921842281726,291.30999755859375,290.54998779296875,-476.7041637583761,-10.000000000000009,stop
BK,2025-10-06,2025-10-07,97.14285714285714,35,4890.869299302232,23,2.1264649127401007,2.339111404014111,106.43000030517578,106.93000030517578,489.08692993022305,9.999999999999996,tp_day1
BMY,2025-10-07,2025-10-08,100.0,10,5158.297868132394,30,1.7194326227107979,1.8913758849818778,44.65999984741211,44.540000915527344,515.8297868132395,10.000000000000002,tp_day1
YUM,2025-10-08,2025-10-09,97.05882352941177,34,5171.556996087076,14,3.6939692829193405,3.3245723546274064,146.02999877929688,142.69000244140625,-517.1556996087074,-9.999999999999996,stop
LH,2025-10-10,2025-10-13,97.43589743589743,78,5144.53420847316,8,6.43066776059145,7.073734536650596,277.8800048828125,276.6400146484375,514.4534208473169,10.000000000000018,tp_day1
AFL,2025-10-13,2025-10-14,100.0,31,5267.480957443477,25,2.1069923829773907,2.31769162127513,110.26000213623047,111.51000213623047,526.7480957443486,10.000000000000018,tp_day1
BEN,2025-10-14,2025-10-15,100.0,11,5674.372676315834,69,0.822372851639976,0.9046101368039736,22.920000076293945,22.790000915527344,567.4372676315843,10.000000000000016,tp_day1
STT,2025-10-15,2025-10-16,96.96969696969697,33,5715.095516339681,14,4.082211083099772,3.6739899747897953,116.70999908447266,112.94999694824219,-571.5095516339679,-9.999999999999996,stop
BBY,2025-10-16,2025-10-17,96.66666666666667,30,5227.078649896479,11,4.751889681724072,5.227078649896479,78.54000091552734,79.70999908447266,522.7078649896484,10.00000000000001,tp_day1
KO,2025-10-20,2025-10-21,100.0,18,5947.277677216163,50,1.1894555354432328,1.3084010889875561,68.44000244140625,71.22000122070312,594.727767721617,10.000000000000012,tp_day1
CNP,2025-10-21,2025-10-22,100.0,20,6208.97844277285,71,0.8745040060243451,0.9619544066267797,40.029998779296875,40.04999923706055,620.8978442772859,10.000000000000014,tp_day1
PLD,2025-10-22,2025-10-23,96.29629629629629,27,6471.979152485583,13,4.978445501911986,5.476290052103185,125.94999694824219,125.7699966430664,647.1979152485574,9.999999999999986,tp_day1
ATO,2025-10-23,2025-10-24,100.0,17,6678.371879113629,20,3.3391859395568146,3.6731045335124963,175.75,175.92999267578125,667.8371879113638,10.000000000000012,tp_day1
CAH,2025-10-24,2025-10-27,95.74468085106383,94,7192.626183163399,18,3.9959034350907774,4.395493778599856,161.88999938964844,163.8000030517578,719.2626183163411,10.000000000000016,tp_day1
DG,2025-10-27,2025-10-28,97.75280898876404,89,7533.470108276279,20,3.7667350541381395,3.3900615487243257,102.7699966430664,101.91999816894531,-753.347010827627,-9.999999999999988,stop
NI,2025-10-28,2025-10-29,100.0,22,7128.365236367811,77,0.9257617190088067,0.833185547107926,43.38999938964844,42.459999084472656,-712.8365236367808,-9.999999999999996,stop
HII,2025-10-29,2025-10-30,96.55172413793103,58,5980.747607859775,6,9.967912679766291,10.96470394774292,298.4200134277344,319.07000732421875,598.0747607859785,10.000000000000018,tp_day1
NI,2025-10-30,2025-10-31,100.0,14,7088.990497168083,71,0.9984493657983216,0.8986044292184894,42.130001068115234,42.11000061035156,-708.8990497168079,-9.999999999999995,stop
MDT,2025-10-31,2025-11-03,100.0,20,6767.048301258745,41,1.6504995856728648,1.4854496271055784,90.69999694824219,90.19999694824219,-676.7048301258737,-9.99999999999999,stop
CNP,2025-11-03,2025-11-04,100.0,24,6405.525256351856,92,0.6962527452556365,0.7658780197812002,38.41999816894531,38.7400016784668,640.5525256351848,9.999999999999986,tp_day1
PEG,2025-11-04,2025-11-05,100.0,18,6678.458548008864,30,2.2261528493362883,2.0035375644026594,81.81999969482422,79.86000061035156,-667.8458548008857,-9.99999999999999,stop
MDT,2025-11-05,2025-11-06,100.0,18,6393.103476403989,40,1.598275869100997,1.4384482821908975,90.4000015258789,90.05999755859375,-639.3103476403985,-9.999999999999993,stop
KO,2025-11-06,2025-11-07,100.0,18,6032.695169771899,31,1.9460306999264192,2.140633769919061,69.05999755859375,70.55000305175781,603.2695169771914,10.000000000000025,tp_day1
TROW,2025-11-07,2025-11-10,100.0,16,6311.092782484467,22,2.8686785374929396,2.5818106837436456,102.66000366210938,103.0,-631.1092782484466,-10.0,stop
BEN,2025-11-10,2025-11-11,100.0,11,6101.207617084632,78,0.7822061047544401,0.8604267152298841,22.520000457763672,22.81999969482422,610.1207617084638,10.000000000000009,tp_day1
ETR,2025-11-11,2025-11-12,100.0,28,6212.081824595688,30,2.070693941531896,2.2777633356850857,96.87000274658203,96.54000091552734,621.2081824595689,10.000000000000002,tp_day1
ABT,2025-11-13,2025-11-14,96.55172413793103,58,6473.253655012253,24,2.6971890229217723,2.96690792521395,129.25999450683594,130.58999633789062,647.3253655012268,10.000000000000023,tp_day1
NI,2025-11-14,2025-11-17,100.0,19,6979.0296458612875,76,0.9182933744554326,1.010122711900976,42.880001068115234,43.18000030517578,697.9029645861292,10.000000000000005,tp_day1
COR,2025-11-17,2025-11-18,94.85294117647058,136,7367.110555473565,9,8.185678394970628,7.367110555473565,365.0,361.6400146484375,-736.7110555473564,-10.0,stop
TROW,2025-11-18,2025-11-19,100.0,16,6926.0035971661355,25,2.770401438866454,3.0474415827530996,97.4800033569336,97.41000366210938,692.6003597166145,10.000000000000014,tp_day1
HII,2025-11-19,2025-11-20,97.72727272727273,44,7018.679702139427,5,14.037359404278854,12.633623463850968,309.739990234375,301.8299865722656,-701.8679702139434,-10.00000000000001,stop
KO,2025-11-20,2025-11-21,100.0,31,6977.547389987242,44,1.5858062249971006,1.7443868474968107,71.20999908447266,72.94999694824219,697.7547389987249,10.000000000000009,tp_day1
ETR,2025-11-21,2025-11-24,100.0,34,7246.6086723593835,38,1.9070022821998378,2.097702510419822,93.69999694824219,95.4800033569336,724.6608672359398,10.00000000000002,tp_day1
AFL,2025-11-24,2025-11-25,100.0,14,7482.870867506002,28,2.6724538812521432,2.939699269377358,110.37999725341797,111.62999725341797,748.2870867506017,10.00000000000002,tp_day1
ETR,2025-11-25,2025-11-26,100.0,22,8042.526682089787,45,1.7872281515755084,1.9659509667330595,95.2699966430664,96.55000305175781,804.252668208981,10.00000000000003,tp_day1
CMI,2025-11-26,2025-11-28,97.14285714285714,70,8386.630421727026,4,20.966576054317564,23.063233659749322,497.1099853515625,497.9800109863281,838.6630421727023,9.999999999999995,tp_day1
APH,2025-11-28,2025-12-01,95.83333333333334,144,8471.833591066079,12,7.059861325888399,6.353875193299559,140.89999389648438,139.22000122070312,-847.1833591066079,-10.0,stop
VTR,2025-12-01,2025-12-02,95.0,40,8464.123730917554,72,1.1755727404052159,1.2931300144457376,80.38999938964844,80.08000183105469,846.4123730917563,10.00000000000001,tp_day1
PEG,2025-12-02,2025-12-03,100.0,16,8788.1231309136,39,2.2533649053624614,2.4787013958987076,80.68000030517578,80.54000091552734,878.8123130913609,10.00000000000001,tp_day1
CNP,2025-12-03,2025-12-04,100.0,24,9344.589391679488,121,0.7722801150148338,0.8495081265163174,38.380001068115234,38.540000915527344,934.458939167951,10.000000000000023,tp_day1
ETR,2025-12-04,2025-12-05,100.0,28,9696.832878718365,39,2.486367404799581,2.735004145279539,94.45999908447266,94.22000122070312,969.6832878718378,10.000000000000012,tp_day1
ETR,2025-12-05,2025-12-08,100.0,30,10125.587892293855,41,2.4696555834863063,2.2226900251376756,94.22000122070312,92.9000015258789,-1012.5587892293861,-10.000000000000005,stop
GIS,2025-12-08,2025-12-09,100.0,10,9734.312628732621,84,1.1588467415157884,1.0429620673642095,45.959999084472656,45.63999938964844,-973.4312628732623,-10.000000000000002,stop
SYF,2025-12-09,2025-12-10,96.42857142857143,112,9220.752768603605,34,2.7119861084128254,2.9831847192541083,81.01000213623047,84.55000305175781,922.0752768603634,10.000000000000032,tp_day1
HII,2025-12-10,2025-12-11,97.61904761904762,42,8671.62706427374,7,12.3880386632482,13.62684252957302,323.1400146484375,326.7200012207031,867.1627064273744,10.000000000000005,tp_day1
BMY,2025-12-11,2025-12-12,100.0,20,10149.585803518672,45,2.255463511893038,2.481009863082342,51.20000076293945,52.40999984741211,1014.9585803518657,9.999999999999986,tp_day1
CFG,2025-12-12,2025-12-15,96.96969696969697,33,10601.32914739346,51,2.0786919896849922,2.286561188653492,58.38999938964844,58.439998626708984,1060.132914739348,10.000000000000018,tp_day1
HII,2025-12-15,2025-12-16,98.55072463768117,69,10812.300780856029,9,12.013667534284478,10.812300780856031,329.1600036621094,326.79998779296875,-1081.2300780856021,-9.999999999999993,stop
BMY,2025-12-16,2025-12-17,100.0,18,10575.879161720397,47,2.250187055685191,2.47520576125371,54.22999954223633,53.54999923706055,1057.5879161720404,10.000000000000007,tp_day1
GILD,2025-12-17,2025-12-18,95.65217391304348,69,11241.01835210558,31,3.626134952292123,3.9887484475213357,121.36000061035156,121.47000122070312,1124.1018352105602,10.00000000000002,tp_day1
CNP,2025-12-18,2025-12-19,96.55172413793103,29,11764.483727018152,147,0.8003050154434117,0.7202745138990706,38.2400016784668,37.599998474121094,-1176.4483727018142,-9.999999999999991,stop
SYF,2025-12-19,2025-12-22,96.73913043478261,92,11009.769271779216,43,2.560411458553306,2.816452604408637,84.68000030517578,85.8499984741211,1100.9769271779223,10.000000000000005,tp_day1
ETR,2025-12-22,2025-12-23,97.77777777777777,45,11694.745273710874,48,2.436405265356432,2.6800457918920757,91.98999786376953,92.33000183105469,1169.4745273710887,10.00000000000001,tp_day1
INVH,2025-12-23,2025-12-24,100.0,10,12327.24097552813,178,0.6925416278386589,0.7617957906225249,26.889999389648438,27.31999969482422,1232.724097552813,10.0,tp_day1
KLAC,2025-12-24,2025-12-26,95.94594594594594,148,10909.259112925194,2,54.54629556462597,60.00092512108857,1276.989990234375,1279.5999755859375,1090.9259112925192,9.999999999999998,tp_day1
ETR,2025-12-26,2025-12-29,97.91666666666666,48,13374.905681586113,60,2.2291509469310187,2.452066041624121,92.8499984741211,93.12999725341797,1337.4905681586115,10.000000000000002,tp_day1
INVH,2025-12-29,2025-12-30,96.42857142857143,28,14130.5125805328,188,0.7516230096028086,0.8267853105630896,27.739999771118164,27.959999084472656,1413.0512580532832,10.000000000000021,tp_day1
CCI,2025-12-30,2025-12-31,97.14285714285714,35,14777.772390513781,82,1.8021673646968026,1.9823841011664831,89.0999984741211,88.87000274658203,1477.77723905138,10.000000000000012,tp_day1
CTRA,2025-12-31,2026-01-02,96.0,25,15623.471443866783,163,0.9584951806053242,0.8626456625447918,26.31999969482422,26.600000381469727,-1562.3471443866765,-9.999999999999988,stop
BMY,2026-01-02,2026-01-05,100.0,18,14795.46188742919,98,1.5097410089213459,1.3587669080292113,53.459999084472656,53.060001373291016,-1479.5461887429192,-10.0,stop
MLM,2026-01-05,2026-01-06,95.65217391304348,92,13003.867194368322,8,16.254833992960403,17.880317392256444,642.0,646.239990234375,1300.3867194368322,10.0,tp_day1
HD,2026-01-06,2026-01-07,100.0,11,14199.016233328766,16,8.874385145830479,9.761823660413528,349.2900085449219,349.05999755859375,1419.9016233328784,10.000000000000012,tp_day1
BKNG,2026-01-07,2026-01-08,96.06299212598425,127,12353.51917213146,1,123.5351917213146,111.18167254918315,5445.72021484375,5445.0,-1235.3519172131455,-9.999999999999995,stop
CFG,2026-01-08,2026-01-09,97.5609756097561,41,14770.45827315245,79,1.8696782624243606,1.6827104361819245,61.22999954223633,60.529998779296875,-1477.0458273152472,-10.000000000000014,stop
ABT,2026-01-09,2026-01-12,97.22222222222221,72,13876.22273772692,50,2.775244547545384,2.497720092790846,125.91999816894531,124.63999938964844,-1387.6222737726894,-9.99999999999998,stop
TROW,2026-01-12,2026-01-13,100.0,11,13317.225968990902,44,3.0266422656797505,2.7239780391117754,106.83999633789062,103.51000213623047,-1331.7225968990897,-9.999999999999996,stop
ETR,2026-01-13,2026-01-14,97.91666666666666,48,12746.697797776316,56,2.2761960353171995,2.5038156388489194,94.37000274658203,95.16999816894531,1274.6697797776324,10.000000000000005,tp_day1
BMY,2026-01-14,2026-01-15,100.0,24,13280.067815535667,80,1.6600084769419585,1.4940076292477626,57.02000045776367,56.619998931884766,-1328.0067815535658,-9.999999999999993,stop
WY,2026-01-15,2026-01-16,97.05882352941177,34,12673.888880738468,101,1.2548404832414326,1.3803245315655759,26.799999237060547,27.059999465942383,1267.3888880738468,10.0,tp_day1
CNP,2026-01-16,2026-01-20,97.5,40,13315.007856982693,164,0.8118907229867496,0.7307016506880747,39.709999084472656,39.29999923706055,-1331.5007856982684,-9.999999999999993,stop
PEG,2026-01-20,2026-01-21,96.29629629629629,27,12666.572014063955,86,1.4728572109376692,1.3255714898439024,79.37000274658203,79.7699966430664,-1266.657201406395,-9.999999999999995,stop
BMY,2026-01-21,2026-01-22,100.0,12,11974.377892599772,69,1.735417085884025,1.9089587944724276,54.5,54.939998626708984,1197.4377892599769,9.999999999999996,tp_day1
BMY,2026-01-22,2026-01-23,100.0,31,12583.882614731607,72,1.7477614742682785,1.5729853268414506,54.939998626708984,54.650001525878906,-1258.388261473161,-10.000000000000004,stop
EIX,2026-01-23,2026-01-26,100.0,14,12000.590906712749,62,1.9355791785020562,2.129137096352262,60.77000045776367,61.63999938964844,1200.059090671275,10.000000000000002,tp_day1
CHRW,2026-01-26,2026-01-27,96.0,75,12564.384783243955,27,4.653475845645909,4.188128261081318,178.11000061035156,180.42999267578125,-1256.438478324395,-9.999999999999995,stop
HII,2026-01-27,2026-01-28,98.50746268656717,67,10041.03527575903,5,20.08207055151806,18.073863496366254,422.7900085449219,425.3900146484375,-1004.1035275759023,-9.999999999999993,stop
CNP,2026-01-28,2026-01-29,97.5609756097561,41,11438.378835951295,127,0.9006597508623067,0.810593775776076,39.790000915527344,39.59000015258789,-1143.837883595128,-9.999999999999986,stop
EIX,2026-01-29,2026-01-30,100.0,15,10737.396761883958,53,2.0259239173365957,1.823331525602936,62.16999816894531,62.279998779296875,-1073.7396761883974,-10.000000000000016,stop
REG,2026-01-30,2026-02-02,100.0,12,10328.56224615942,60,1.7214270410265697,1.5492843369239129,72.87000274658203,71.9800033569336,-1032.8562246159418,-9.999999999999998,stop
HII,2026-02-02,2026-02-03,98.14814814814815,54,9612.692229866945,5,19.22538445973389,21.14792290570728,420.29998779296875,429.6400146484375,961.2692229866934,9.999999999999988,tp_day1
APH,2026-02-03,2026-02-04,97.22222222222221,36,9594.234328469387,8,11.992792910586733,10.79351361952806,147.05999755859375,130.0,-959.4234328469392,-10.000000000000005,stop
MLM,2026-02-04,2026-02-05,96.7741935483871,124,8397.097758617821,3,27.990325862059404,25.191293275853464,671.1699829101562,670.9500122070312,-839.709775861782,-9.999999999999998,stop
WSM,2026-02-05,2026-02-06,100.0,21,8667.040802783833,9,9.630045336426482,10.593049870069132,212.49000549316406,220.6699981689453,866.7040802783868,10.000000000000039,tp_day1
EIX,2026-02-06,2026-02-09,100.0,18,9715.11069954071,44,2.2079797044410703,1.9871817339969633,64.01000213623047,63.790000915527344,-971.511069954071,-10.0,stop
EIX,2026-02-09,2026-02-10,100.0,14,9360.946279191827,44,2.1274877907254153,2.340236569797957,63.790000915527344,65.45999908447266,936.094627919183,10.000000000000004,tp_day1
ETR,2026-02-10,2026-02-11,97.5,40,9818.54244036077,40,2.4546356100901927,2.7000991710992124,99.70999908447266,100.19999694824219,981.854244036078,10.000000000000009,tp_day1
HD,2026-02-11,2026-02-12,100.0,13,9387.553658652945,9,10.430615176281052,11.473676693909157,390.67999267578125,390.2200012207031,938.7553658652978,10.000000000000036,tp_day1
MCD,2026-02-12,2026-02-13,96.875,32,10279.007939495441,15,6.852671959663627,6.167404763697264,332.0799865722656,327.5799865722656,-1027.900793949546,-10.000000000000018,stop
EIX,2026-02-13,2026-02-17,100.0,15,10102.11109977454,37,2.7303002972363624,3.0033303269599987,71.45999908447266,71.41999816894531,1010.2111099774556,10.000000000000016,tp_day1
WSM,2026-02-17,2026-02-18,100.0,16,10628.475732224224,10,10.628475732224224,11.691323305446648,211.82000732421875,213.9600067138672,1062.8475732224251,10.000000000000025,tp_day1
BEN,2026-02-18,2026-02-19,97.5609756097561,41,11340.134026450409,112,1.0125119666473579,0.9112607699826221,27.90999984741211,27.239999771118164,-1134.0134026450414,-10.000000000000005,stop
REG,2026-02-19,2026-02-20,100.0,13,10667.741940821898,55,1.9395894437857997,2.13354838816438,75.80999755859375,76.8499984741211,1066.7741940821925,10.000000000000025,tp_day1
CNP,2026-02-20,2026-02-23,98.21428571428571,56,11254.374759989685,112,1.0048548892847933,0.904369400356314,43.0,42.88999938964844,-1125.4374759989696,-10.00000000000001,stop
CAG,2026-02-23,2026-02-24,100.0,16,10700.28101730624,122,0.8770722145332984,0.9647794359866283,18.860000610351562,19.100000381469727,1070.0281017306243,10.000000000000002,tp_day1
EIX,2026-02-24,2026-02-25,100.0,24,11280.832450823356,40,2.8202081127058394,2.5381873014352556,75.23999786376953,75.19999694824219,-1128.0832450823345,-9.999999999999991,stop
KIM,2026-02-25,2026-02-26,100.0,17,10700.253624082765,148,0.7229901097353219,0.795289120708854,23.31999969482422,23.639999389648438,1070.0253624082761,9.999999999999996,tp_day1
HII,2026-02-26,2026-02-27,98.27586206896551,58,10107.411595751611,3,33.69137198583871,37.06050918442258,443.0,444.5199890136719,1010.7411595751619,10.000000000000007,tp_day1
WSM,2026-02-27,2026-03-02,100.0,12,11132.536186700429,10,11.13253618670043,10.019282568030386,205.64999389648438,201.33999633789062,-1113.2536186700418,-9.999999999999991,stop
REG,2026-03-02,2026-03-03,100.0,20,11055.896914716432,58,1.906189123226971,1.7155702109042739,79.54000091552734,79.76000213623047,-1105.5896914716432,-10.0,stop
GILD,2026-03-03,2026-03-04,100.0,12,10072.414261527923,15,6.714942841018616,7.386437125120478,147.8300018310547,148.22000122070312,1007.2414261527938,10.000000000000014,tp_day1
AFL,2026-03-04,2026-03-05,100.0,19,11036.84504096797,32,3.4490140753024905,3.1041126677722417,112.4800033569336,111.04000091552734,-1103.6845040967964,-9.999999999999995,stop
REG,2026-03-05,2026-03-06,100.0,13,10521.507005871112,63,1.6700804771223987,1.503072429410159,79.30999755859375,78.66000366210938,-1052.1507005871117,-10.000000000000005,stop
