variant,ticker,entry_date,exit_date,success_rate,matched_signals,allocated_cash,contracts,entry_option_price,exit_option_price,entry_spot,exit_spot_close,pnl,return_pct,exit_reason
window_252d_recent_weighted,GEHC,2025-03-17,2025-03-18,96.34063022301795,170,4783.036114792553,22,2.174107324905706,1.9566965924151356,82.47000122070312,82.13999938964844,-478.30361147925487,-9.999999999999991,stop
window_252d_recent_weighted,VRSK,2025-03-18,2025-03-19,96.93470980505244,12,4497.24524112221,5,8.99449048224442,9.893939530468861,288.92999267578125,289.739990234375,449.72452411222093,9.999999999999998,tp_day1
window_252d_recent_weighted,GEHC,2025-03-19,2025-03-20,96.43565890400724,169,4957.111608595916,23,2.155265916780833,1.9397393251027497,82.4000015258789,81.80999755859375,-495.7111608595915,-9.999999999999998,stop
window_252d_recent_weighted,ROP,2025-03-20,2025-03-21,91.0401743347326,37,4507.099836482992,3,15.023666121609972,13.521299509448975,575.4500122070312,572.1799926757812,-450.7099836482994,-10.000000000000005,stop
window_252d_recent_weighted,BKR,2025-03-21,2025-03-24,98.74457931241649,22,4462.749195727088,25,1.785099678290835,1.9636096461199186,44.11000061035156,44.599998474121094,446.2749195727092,10.00000000000001,tp_day1
window_252d_recent_weighted,VRTX,2025-03-24,2025-03-25,91.16597458185957,169,4003.008258472627,3,13.343360861575423,12.009024775417881,511.739990234375,509.0400085449219,-400.3008258472628,-10.000000000000002,stop
window_252d_recent_weighted,GEHC,2025-03-25,2025-03-26,95.4652679826356,191,4439.826868639095,20,2.2199134343195475,1.9979220908875928,82.45999908447266,81.0,-443.9826868639093,-9.999999999999996,stop
window_252d_recent_weighted,INSM,2025-03-27,2025-03-28,94.02853085633528,190,4057.179139826859,11,3.688344672569872,3.319510205312885,77.69000244140625,77.98999786376953,-405.7179139826849,-9.999999999999975,stop
window_252d_recent_weighted,FANG,2025-03-28,2025-03-31,90.23386657935346,18,3644.754683528017,5,7.289509367056033,6.56055843035043,157.5399932861328,159.8800048828125,-364.4754683528017,-10.0,stop
window_252d_recent_weighted,INTU,2025-03-31,2025-04-01,92.6873496541626,103,2462.402608609046,1,24.62402608609046,27.086428694699507,613.989990234375,613.780029296875,246.24026086090453,9.999999999999996,tp_day1
window_252d_recent_weighted,VRSK,2025-04-01,2025-04-02,95.12834246475383,51,3488.6011669181357,5,6.977202333836272,6.279482100452644,298.6099853515625,299.7099914550781,-348.8601166918138,-10.000000000000005,stop
window_252d_recent_weighted,TMUS,2025-04-02,2025-04-03,100.0,14,3858.869033971423,5,7.717738067942847,8.489511874737133,264.55999755859375,267.8900146484375,385.8869033971432,10.000000000000025,tp_day1
window_252d_recent_weighted,VRTX,2025-04-03,2025-04-04,88.02521117507925,135,2759.0939986180833,2,13.795469993090416,12.415922993781374,484.010009765625,474.6199951171875,-275.90939986180865,-10.000000000000012,stop
window_252d_recent_weighted,TMUS,2025-04-07,2025-04-08,100.0,14,3364.788663290995,3,11.215962210969984,10.094365989872985,246.6699981689453,246.3000030517578,-336.4788663290992,-9.999999999999993,stop
window_252d_recent_weighted,COST,2025-04-08,2025-04-09,89.43325557474617,68,3574.5789651175683,1,35.745789651175684,39.32036861629326,908.75,965.1900024414062,357.45789651175755,10.00000000000002,tp_day1
window_252d_recent_weighted,BKR,2025-04-09,2025-04-10,98.20809197393987,15,3732.485693997435,10,3.732485693997435,3.3592371245976915,38.75,36.65999984741211,-373.2485693997437,-10.000000000000005,stop
window_252d_recent_weighted,EA,2025-04-10,2025-04-11,88.38538327693676,74,3439.813812404483,6,5.733023020674139,6.306325322741554,139.38999938964844,142.92999267578125,343.9813812404486,10.000000000000009,tp_day1
window_252d_recent_weighted,VRSK,2025-04-11,2025-04-14,95.06554015721863,46,2627.118126313281,2,13.135590631566405,14.449149694723047,291.8800048828125,295.1000061035156,262.71181263132803,9.999999999999996,tp_day1
window_252d_recent_weighted,CSGP,2025-04-14,2025-04-15,91.41997201713205,170,3904.583043733021,8,4.880728804666276,5.368801685132905,79.52999877929688,80.51000213623047,390.4583043733023,10.000000000000005,tp_day1
window_252d_recent_weighted,TTWO,2025-04-15,2025-04-16,92.62139768163436,163,3401.7737147519847,3,11.33924571583995,10.205321144255954,214.60000610351562,211.39999389648438,-340.17737147519847,-10.0,stop
window_252d_recent_weighted,WDAY,2025-04-16,2025-04-17,85.19198468069781,13,2745.300792796226,2,13.726503963981129,12.353853567583016,227.7100067138672,221.02000427246094,-274.53007927962244,-9.999999999999995,stop
window_252d_recent_weighted,VRTX,2025-04-17,2025-04-21,90.95124274133684,197,3111.439713438708,2,15.557198567193542,14.001478710474188,489.1000061035156,477.5199890136719,-311.14397134387036,-9.999999999999986,stop
window_252d_recent_weighted,ADSK,2025-04-21,2025-04-22,91.72980205781457,18,3113.619213394555,2,15.568096066972775,17.124905673670053,254.27000427246094,261.1400146484375,311.3619213394554,9.999999999999996,tp_day1
window_252d_recent_weighted,TMUS,2025-04-23,2025-04-24,100.0,17,3884.8224470493396,3,12.949408156831131,14.244348972514246,259.3500061035156,262.17999267578125,388.4822447049337,9.999999999999993,tp_day1
window_252d_recent_weighted,TTWO,2025-04-25,2025-04-28,94.52982192465058,198,3952.24427681581,3,13.174147589386031,14.491562348324635,225.3800048828125,225.5500030517578,395.2244276815809,9.999999999999998,tp_day1
window_252d_recent_weighted,VRSK,2025-04-28,2025-04-29,93.76288778116124,62,4152.843620443915,3,13.842812068146381,15.227093274961021,288.4100036621094,292.3699951171875,415.28436204439095,9.999999999999986,tp_day1
window_252d_recent_weighted,TTWO,2025-04-29,2025-04-30,94.6651040706896,200,3983.6338189524254,3,13.278779396508085,11.950901456857277,230.7100067138672,233.32000732421875,-398.3633818952421,-9.99999999999999,stop
window_252d_recent_weighted,TMUS,2025-05-01,2025-05-02,100.0,22,3640.1831167193263,2,18.200915583596633,20.021007141956296,247.0,248.8800048828125,364.01831167193313,10.000000000000014,tp_day1
window_252d_recent_weighted,MNST,2025-05-02,2025-05-05,92.63646309156198,214,4368.759585199536,17,2.569858579529139,2.312872721576225,60.04999923706055,60.90999984741211,-436.8759585199532,-9.999999999999993,stop
window_252d_recent_weighted,VRSK,2025-05-05,2025-05-06,93.70205160941475,54,4257.232727021875,4,10.643081817554688,11.707389999310157,294.75,296.19000244140625,425.7232727021883,10.000000000000018,tp_day1
window_252d_recent_weighted,CTAS,2025-05-06,2025-05-07,94.59873341732425,67,4335.21402395439,5,8.670428047908779,9.537470852699657,213.30999755859375,215.11000061035156,433.5214023954395,10.000000000000012,tp_day1
window_252d_recent_weighted,MNST,2025-05-07,2025-05-08,92.9801044989464,215,4668.918482295236,23,2.029964557519668,1.826968101767701,60.560001373291016,60.13999938964844,-466.891848229523,-9.999999999999988,stop
window_252d_recent_weighted,CPRT,2025-05-08,2025-05-09,91.21210903282477,204,4477.896266135129,26,1.722267794667357,1.8944945741340928,61.779998779296875,61.52000045776367,447.78962661351216,9.999999999999984,tp_day1
window_252d_recent_weighted,DASH,2025-05-09,2025-05-12,93.03095971900302,113,3669.12906649084,3,12.230430221636134,13.453473243799747,183.52000427246094,192.10000610351562,366.9129066490841,10.000000000000002,tp_day1
window_252d_recent_weighted,CTAS,2025-05-12,2025-05-13,94.69627159510976,66,4459.93864460146,8,5.574923305751824,6.132415636327007,216.99000549316406,215.3300018310547,445.99386446014614,10.000000000000005,tp_day1
window_252d_recent_weighted,TTWO,2025-05-14,2025-05-15,93.88584421887155,148,4710.436975283502,4,11.776092438208755,12.953701682029632,229.5,232.33999633789062,471.043697528351,10.000000000000018,tp_day1
window_252d_recent_weighted,KLAC,2025-05-15,2025-05-16,93.29147343472833,116,4602.773989915436,1,46.027739899154355,41.42496590923892,806.0,791.1699829101562,-460.27739899154403,-10.00000000000001,stop
window_252d_recent_weighted,MNST,2025-05-16,2025-05-19,92.08132988297453,162,5007.4675132507255,31,1.615312101048621,1.7768433111534834,62.86000061035156,62.900001525878906,500.7467513250731,10.00000000000001,tp_day1
window_252d_recent_weighted,COST,2025-05-20,2025-05-21,94.28828588090184,122,3833.1905110659704,2,19.165952555329852,17.249357299796866,1036.8199462890625,1025.300048828125,-383.31905110659727,-10.000000000000005,stop
window_252d_recent_weighted,ROST,2025-05-21,2025-05-22,90.92687592824663,27,4864.989145031731,12,4.054157620859776,4.459573382945754,152.67999267578125,152.25,486.4989145031732,10.000000000000002,tp_day1
window_252d_recent_weighted,MNST,2025-05-22,2025-05-23,91.1211161733372,101,5387.166928443122,37,1.4559910617413843,1.6015901679155229,62.869998931884766,63.36000061035156,538.716692844313,10.000000000000016,tp_day1
window_252d_recent_weighted,VRSK,2025-05-23,2025-05-27,95.31593163801674,66,5338.140353890447,6,8.896900589817411,9.786590648799153,313.7699890136719,316.1600036621094,533.8140353890449,10.000000000000004,tp_day1
window_252d_recent_weighted,TRI,2025-05-27,2025-05-28,100.0,13,5731.166491245973,14,4.093690350889981,4.503059385978979,194.82000732421875,196.5,573.1166491245986,10.000000000000023,tp_day1
window_252d_recent_weighted,MSTR,2025-05-28,2025-05-29,90.75033301830675,105,4629.94538928265,2,23.14972694641325,25.464699641054576,364.25,370.6300048828125,462.9945389282657,10.000000000000016,tp_day1
window_252d_recent_weighted,TMUS,2025-05-29,2025-05-30,100.0,25,6426.16773141267,11,5.841970664920609,6.42616773141267,239.3000030517578,242.1999969482422,642.616773141267,10.0,tp_day1
window_252d_recent_weighted,AXON,2025-05-30,2025-06-02,95.24859230195216,192,5136.902688093504,1,51.369026880935046,56.50592956902855,750.3599853515625,758.5700073242188,513.6902688093505,10.000000000000002,tp_day1
window_252d_recent_weighted,TMUS,2025-06-02,2025-06-03,100.0,28,6802.659086151164,11,6.184235532864695,6.802659086151165,243.05999755859375,243.8800048828125,680.265908615117,10.000000000000009,tp_day1
window_252d_recent_weighted,CTAS,2025-06-03,2025-06-04,95.9241542652096,72,7194.102035624113,18,3.996723353124507,4.396395688436958,227.5800018310547,227.3699951171875,719.4102035624119,10.000000000000007,tp_day1
window_252d_recent_weighted,AXON,2025-06-04,2025-06-05,95.45919197279262,190,5096.016760703483,1,50.960167607034826,56.05618436773831,780.0,788.3599853515625,509.60167607034873,10.000000000000009,tp_day1
window_252d_recent_weighted,KLAC,2025-06-05,2025-06-06,94.96129909411101,142,4083.2989473815333,1,40.83298947381533,44.91628842119687,791.8900146484375,808.0,408.3298947381536,10.000000000000005,tp_day1
window_252d_recent_weighted,VRSK,2025-06-06,2025-06-09,95.78818352006824,69,8046.995188625823,13,6.189996298942941,5.570996669048648,319.6000061035156,313.2699890136719,-804.6995188625815,-9.99999999999999,stop
window_252d_recent_weighted,TRI,2025-06-09,2025-06-10,100.0,13,7746.9526920831495,18,4.303862606712861,3.873476346041575,192.66000366210938,192.0500030517578,-774.6952692083141,-9.99999999999999,stop
window_252d_recent_weighted,TMUS,2025-06-10,2025-06-11,100.0,29,7343.561604664302,12,6.119634670553585,5.5076712034982265,236.97999572753906,230.94000244140625,-734.3561604664292,-9.999999999999986,stop
window_252d_recent_weighted,VRSK,2025-06-11,2025-06-12,95.78615879665544,67,6625.0296876573075,11,6.022754261506643,6.625029687657308,311.489990234375,313.9100036621094,662.5029687657307,10.0,tp_day1
window_252d_recent_weighted,AXON,2025-06-13,2025-06-16,94.71078051629263,131,5157.824369113395,2,25.789121845566974,28.368034030123674,780.6300048828125,780.6099853515625,515.7824369113396,10.000000000000002,tp_day1
window_252d_recent_weighted,IDXX,2025-06-16,2025-06-17,92.13785835101486,209,7336.537688555563,5,14.673075377111127,13.205767839400014,528.77001953125,520.5900268554688,-733.6537688555563,-10.0,stop
window_252d_recent_weighted,AXON,2025-06-17,2025-06-18,93.25284442754425,102,5112.65784241069,2,25.56328921205345,23.006960290848106,777.5399780273438,770.7899780273438,-511.265784241069,-10.0,stop
window_252d_recent_weighted,MNST,2025-06-18,2025-06-20,95.2337339402876,208,6996.303614909541,55,1.2720552027108256,1.1448496824397432,63.189998626708984,63.09000015258789,-699.630361490953,-9.999999999999984,stop
window_252d_recent_weighted,AXON,2025-06-20,2025-06-23,95.60160997280514,167,5111.740596323575,2,25.558702981617877,23.00283268345609,777.3200073242188,783.239990234375,-511.17405963235706,-9.999999999999991,stop
window_252d_recent_weighted,GILD,2025-06-23,2025-06-24,100.0,10,6430.272949154198,19,3.3843541837653675,3.7227896021419045,106.19000244140625,107.19999694824219,643.0272949154205,10.000000000000012,tp_day1
window_252d_recent_weighted,MNST,2025-06-24,2025-06-25,94.249525019197,147,6709.331581201019,53,1.2659116190945319,1.1393204571850788,63.56999969482422,62.20000076293945,-670.9331581201013,-9.999999999999993,stop
window_252d_recent_weighted,GILD,2025-06-25,2025-06-26,100.0,12,6359.290013528426,19,3.34699474396233,3.6816942183585635,105.93000030517578,107.62000274658203,635.9290013528444,10.000000000000027,tp_day1
window_252d_recent_weighted,MNST,2025-06-26,2025-06-27,94.89176635519868,164,6665.699582048922,51,1.3069999180488083,1.1762999262439275,62.189998626708984,61.709999084472656,-666.569958204891,-9.999999999999982,stop
window_252d_recent_weighted,AXON,2025-06-27,2025-06-30,96.31544804841202,191,4929.0259750674,2,24.645129875337002,27.109642862870704,818.5999755859375,827.9400024414062,492.9025975067407,10.000000000000012,tp_day1
window_252d_recent_weighted,AXON,2025-06-30,2025-07-01,96.36910882618163,191,4714.473294906823,2,23.572366474534114,21.215129827080702,827.9400024414062,775.3800048828125,-471.44732949068293,-10.000000000000012,stop
window_252d_recent_weighted,TRI,2025-07-02,2025-07-03,100.0,11,6272.769644963644,16,3.9204810281022775,4.312529130912505,198.67999267578125,201.0800018310547,627.2769644963646,10.000000000000004,tp_day1
window_252d_recent_weighted,KLAC,2025-07-03,2025-07-07,95.97323075049518,145,6723.901161452157,2,33.619505807260786,30.25755522653471,924.5800170898438,912.6199951171875,-672.390116145215,-9.99999999999999,stop
window_252d_recent_weighted,AXON,2025-07-07,2025-07-08,95.87512541504407,154,3400.071704194459,1,34.00071704194459,30.60064533775013,802.1599731445312,790.219970703125,-340.0071704194461,-10.000000000000005,stop
window_252d_recent_weighted,ROP,2025-07-08,2025-07-09,95.15228245448164,100,5682.583207297468,5,11.365166414594938,10.228649773135444,564.5900268554688,558.6400146484375,-568.2583207297466,-9.999999999999996,stop
window_252d_recent_weighted,AXON,2025-07-09,2025-07-10,95.88420947467824,155,3507.8653636684544,1,35.07865363668454,31.57078827301609,805.8599853515625,732.989990234375,-350.78653636684567,-10.000000000000005,stop
window_252d_recent_weighted,CTAS,2025-07-10,2025-07-14,93.79050901678454,72,5195.951934464619,9,5.77327992718291,6.639271916260346,216.55999755859375,216.89999389648438,779.3927901696925,14.999999999999995,tp_day2
window_252d_recent_weighted,INTU,2025-07-11,2025-07-14,95.88042763852029,116,3840.5762433422888,2,19.202881216711443,21.12316933838259,747.9000244140625,752.75,384.05762433422933,10.000000000000012,tp_day1
window_252d_recent_weighted,AXON,2025-07-14,2025-07-15,95.8664840426276,148,4565.406044482947,1,45.654060444829476,50.219466489312424,750.260009765625,745.8699951171875,456.5406044482952,10.00000000000001,tp_day1
window_252d_recent_weighted,TRI,2025-07-16,2025-07-17,100.0,16,6554.071070283966,8,8.192588837854958,9.011847721640454,211.22999572753906,209.27000427246094,655.4071070283971,10.000000000000009,tp_day1
window_252d_recent_weighted,ORLY,2025-07-17,2025-07-18,93.60477416252357,187,6809.7173342441265,26,2.619122051632356,2.881034256795592,91.58999633789062,92.33999633789062,680.9717334244133,10.000000000000009,tp_day1
window_252d_recent_weighted,KLAC,2025-07-18,2025-07-21,94.64225396705358,98,5351.998459725146,2,26.75999229862573,24.083993068763156,931.1199951171875,937.760009765625,-535.1998459725146,-10.0,stop
window_252d_recent_weighted,KLAC,2025-07-21,2025-07-22,96.36452364766662,146,4769.797476342048,2,23.848987381710238,21.464088643539213,937.760009765625,892.219970703125,-476.9797476342055,-10.000000000000016,stop
window_252d_recent_weighted,QCOM,2025-07-22,2025-07-23,94.02866209235862,42,6450.712483864947,15,4.300474989243298,4.730522488167629,157.99000549316406,159.8800048828125,645.0712483864963,10.000000000000025,tp_day1
window_252d_recent_weighted,DASH,2025-07-24,2025-07-25,95.33488001887727,208,6733.886117164215,7,9.619837310234592,10.581821041258053,243.69000244140625,249.9199981689453,673.3886117164229,10.000000000000021,tp_day1
window_252d_recent_weighted,KLAC,2025-07-25,2025-07-28,95.81117722065365,77,5608.079713976202,2,28.040398569881006,30.84443842686911,902.0900268554688,923.1500244140625,560.8079713976203,10.000000000000004,tp_day1
window_252d_recent_weighted,FAST,2025-07-30,2025-07-31,96.56100118892232,24,7630.191510678148,59,1.2932527984200253,1.1639275185780227,46.40999984741211,46.130001068115234,-763.0191510678142,-9.999999999999993,stop
window_252d_recent_weighted,DASH,2025-07-31,2025-08-01,95.38760269063283,201,6391.792351301477,7,9.131131930430682,8.218018737387613,250.25,248.35000610351562,-639.1792351301474,-9.999999999999996,stop
window_252d_recent_weighted,ORLY,2025-08-01,2025-08-04,94.1187431310991,151,6961.143165349845,27,2.5782011723517946,2.836021289586974,99.12000274658203,101.37000274658203,696.1143165349849,10.000000000000005,tp_day1
window_252d_recent_weighted,ORLY,2025-08-05,2025-08-06,94.58996997172314,195,7150.40991547937,27,2.648299968696063,2.9131299655656697,102.2300033569336,104.44000244140625,715.0409915479386,10.000000000000021,tp_day1
window_252d_recent_weighted,NVDA,2025-08-07,2025-08-08,94.2787719379412,166,7171.784526243302,11,6.519804114766638,7.171784526243302,180.77000427246094,182.6999969482422,717.1784526243309,10.00000000000001,tp_day1
window_252d_recent_weighted,KLAC,2025-08-08,2025-08-11,96.94245097227763,137,4178.722724316888,1,41.78722724316888,45.96594996748577,914.7999877929688,910.1799926757812,417.87227243168854,9.999999999999993,tp_day1
window_252d_recent_weighted,LIN,2025-08-11,2025-08-12,96.69562416904932,22,7383.814867897904,8,9.22976858487238,10.152745443359619,470.3800048828125,473.2300109863281,738.3814867897909,10.000000000000005,tp_day1
window_252d_recent_weighted,LRCX,2025-08-12,2025-08-13,95.85715082489857,132,8461.583932453179,19,4.453465227606936,4.8988117503676305,105.27999877929688,106.73999786376953,846.1583932453195,10.00000000000002,tp_day1
window_252d_recent_weighted,TRI,2025-08-13,2025-08-14,98.79042671232934,21,8790.482222083116,10,8.790482222083115,9.669530444291428,169.72999572753906,167.80999755859375,879.0482222083137,10.000000000000025,tp_day1
window_252d_recent_weighted,KLAC,2025-08-14,2025-08-15,95.6211413543445,86,9050.7354781372,2,45.253677390686,40.7283096516174,955.4099731445312,874.9400024414062,-905.0735478137194,-9.999999999999993,stop
window_252d_recent_weighted,CSGP,2025-08-15,2025-08-19,94.15122163585491,191,8923.548272132975,22,4.056158305514989,3.6505424749634905,89.66000366210938,88.94999694824219,-892.3548272132966,-9.99999999999999,stop
window_252d_recent_weighted,KLAC,2025-08-18,2025-08-20,97.51398604343122,156,5480.419942881428,1,54.804199428814286,49.32377948593286,883.3900146484375,878.4400024414062,-548.0419942881417,-9.99999999999998,stop
window_252d_recent_weighted,LRCX,2025-08-19,2025-08-20,95.59780790021554,124,8401.263960553015,16,5.250789975345634,4.725710977811071,100.33000183105469,99.1500015258789,-840.1263960553015,-10.0,stop
window_252d_recent_weighted,KLAC,2025-08-20,2025-08-21,95.80465216230306,61,5100.369927465931,1,51.00369927465931,56.104069202125245,878.4400024414062,872.3900146484375,510.03699274659357,10.000000000000009,tp_day1
window_252d_recent_weighted,ORLY,2025-08-25,2025-08-26,94.74280633518266,145,7974.040006739725,32,2.491887502106164,2.7410762523167804,102.47000122070312,103.18000030517578,797.4040006739733,10.00000000000001,tp_day1
window_252d_recent_weighted,ORLY,2025-08-28,2025-08-29,94.70283024571798,112,8334.91985829238,35,2.381405673797823,2.619546241177605,103.98999786376953,103.68000030517578,833.4919858292378,9.999999999999998,tp_day1
window_252d_recent_weighted,FAST,2025-08-29,2025-09-02,94.7145135896117,12,8883.688269576374,72,1.2338455929967187,1.1104610336970469,49.65999984741211,49.189998626708984,-888.3688269576369,-9.999999999999993,stop
window_252d_recent_weighted,LIN,2025-09-02,2025-09-03,97.38636225894956,27,7929.678860873345,13,6.099752969902574,5.489777672912316,474.1400146484375,471.7799987792969,-792.9678860873337,-9.99999999999999,stop
window_252d_recent_weighted,ORLY,2025-09-03,2025-09-04,95.33275608721728,183,7957.773934167831,37,2.1507497119372516,2.365824683130977,103.83999633789062,105.04000091552734,795.7773934167844,10.000000000000018,tp_day1
window_252d_recent_weighted,ADP,2025-09-05,2025-09-08,100.0,10,8505.383418815329,13,6.542602629857945,7.19686289284374,295.9700012207031,298.42999267578125,850.5383418815327,9.999999999999998,tp_day1
window_252d_recent_weighted,BKR,2025-09-08,2025-09-09,97.38819715160436,57,8941.755911483266,73,1.2248980700662007,1.347387877072821,45.63999938964844,45.45000076293945,894.1755911483269,10.000000000000005,tp_day1
window_252d_recent_weighted,LIN,2025-09-09,2025-09-10,97.38636225894953,27,9091.82006740031,14,6.494157191000221,5.8447414719002,473.44000244140625,472.70001220703125,-909.1820067400295,-9.999999999999984,stop
window_252d_recent_weighted,ADP,2025-09-10,2025-09-11,100.0,11,8532.14470713948,13,6.563188236261138,7.219507059887253,292.3900146484375,298.0299987792969,853.2144707139487,10.000000000000009,tp_day1
window_252d_recent_weighted,BKR,2025-09-11,2025-09-12,97.23824002099049,54,9310.013055550453,69,1.349277254427602,1.4842049798703623,46.970001220703125,46.4900016784668,931.0013055550462,10.00000000000001,tp_day1
window_252d_recent_weighted,LIN,2025-09-12,2025-09-15,97.38636225894955,27,9086.88314233737,11,8.260802856670336,7.434722571003303,482.0400085449219,476.7300109863281,-908.6883142337365,-9.999999999999993,stop
window_252d_recent_weighted,GILD,2025-09-15,2025-09-16,100.0,16,9317.001344556837,32,2.911562920174011,2.6204066281566103,112.54000091552734,110.86000061035156,-931.7001344556829,-9.999999999999993,stop
window_252d_recent_weighted,GILD,2025-09-16,2025-09-17,100.0,16,8824.397918083749,30,2.941465972694583,3.2356125699640415,110.86000061035156,112.26000213623047,882.439791808376,10.000000000000012,tp_day1
window_252d_recent_weighted,MPWR,2025-09-17,2025-09-18,94.06570689722301,150,9231.403118229038,3,30.771343727430132,33.848478100173146,877.6599731445312,917.780029296875,923.1403118229064,10.000000000000027,tp_day1
window_252d_recent_weighted,LIN,2025-09-25,2025-09-26,98.3032151491129,32,8869.4484474366,9,9.854942719374,10.840436991311401,473.7799987792969,474.4100036621094,886.9448447436607,10.000000000000009,tp_day1
window_252d_recent_weighted,BKR,2025-09-29,2025-09-30,96.59894005144113,41,10241.749165553116,67,1.5286192784407635,1.3757573505966871,50.54999923706055,48.720001220703125,-1024.174916555312,-10.000000000000004,stop
window_252d_recent_weighted,ADP,2025-10-02,2025-10-03,100.0,15,9433.196501067687,15,6.288797667378458,5.659917900640612,289.8699951171875,291.30999755859375,-943.3196501067687,-10.0,stop
window_252d_recent_weighted,ORLY,2025-10-06,2025-10-07,95.35425059581367,16,9127.728512365326,36,2.5354801423237014,2.281932128091331,103.30000305175781,101.8499984741211,-912.7728512365338,-10.000000000000014,stop
window_252d_recent_weighted,ORLY,2025-10-07,2025-10-08,95.35425059581367,16,8657.247660610143,34,2.54624931194416,2.291624380749744,101.8499984741211,100.76000213623047,-865.7247660610137,-9.999999999999993,stop
window_252d_recent_weighted,BKR,2025-10-08,2025-10-09,93.33523464615972,19,8350.940618473614,56,1.4912393961560024,1.3421154565404023,47.849998474121094,47.88999938964844,-835.0940618473614,-10.0,stop
window_252d_recent_weighted,TTWO,2025-10-13,2025-10-14,95.86819759506234,205,7334.506285124562,9,8.14945142791618,8.964396570707798,256.67999267578125,257.7200012207031,733.4506285124562,10.0,tp_day1
window_252d_recent_weighted,LIN,2025-10-14,2025-10-15,98.94571125990362,45,7460.768598507491,8,9.325960748134364,8.393364673320928,459.25,451.4200134277344,-746.0768598507493,-10.000000000000002,stop
window_252d_recent_weighted,ZS,2025-10-15,2025-10-16,94.66625177817441,140,7662.757959311662,5,15.325515918623324,13.792964326760993,302.3500061035156,299.239990234375,-766.2757959311648,-9.999999999999982,stop
window_252d_recent_weighted,NVDA,2025-10-16,2025-10-17,94.68105419973647,178,6833.009533662809,8,8.541261917078511,9.395388108786364,181.80999755859375,183.22000122070312,683.3009533662816,10.00000000000001,tp_day1
window_252d_recent_weighted,TTWO,2025-10-20,2025-10-21,95.70817026628588,185,7653.72933525214,9,8.50414370583571,7.65372933525214,262.2900085449219,260.2799987792969,-765.3729335252146,-10.000000000000009,stop
window_252d_recent_weighted,WBD,2025-10-22,2025-10-23,95.42857573543809,173,7484.225699905393,56,1.3364688749831062,1.470115762481417,20.530000686645508,21.25,748.4225699905419,10.000000000000034,tp_day1
window_252d_recent_weighted,MCHP,2025-10-23,2025-10-24,94.09437506786705,40,7633.660360588549,19,4.017715979257131,3.6159443813314183,65.08999633789062,63.16999816894531,-763.3660360588547,-9.999999999999996,stop
window_252d_recent_weighted,GILD,2025-10-24,2025-10-27,94.01540965819186,28,7297.539321570525,20,3.6487696607852627,3.2838926947067364,120.94000244140625,120.47000122070312,-729.7539321570521,-9.999999999999993,stop
window_252d_recent_weighted,ZS,2025-10-27,2025-10-28,96.52841594373093,177,6334.7721042277435,4,15.836930260569359,17.420623286626295,326.3299865722656,328.9800109863281,633.477210422775,10.00000000000001,tp_day1
window_252d_recent_weighted,ZS,2025-10-28,2025-10-29,96.10774284168457,152,6383.56075280661,4,15.958901882016525,14.363011693814872,328.9800109863281,320.9599914550781,-638.3560752806616,-10.000000000000009,stop
window_252d_recent_weighted,WBD,2025-10-29,2025-10-30,95.38139527567078,162,7077.1218131037995,53,1.3353060024724148,1.4688366027196564,21.34000015258789,21.6200008392334,707.7121813103804,10.000000000000005,tp_day1
window_252d_recent_weighted,CTSH,2025-10-30,2025-10-31,94.72582955411195,49,7292.536275210193,26,2.8048216443116125,3.085303808742774,72.19000244140625,72.87999725341797,729.2536275210196,10.000000000000004,tp_day1
window_252d_recent_weighted,ADP,2025-11-03,2025-11-04,100.0,13,7802.788098087025,9,8.669764553430028,9.536741008773031,257.1700134277344,259.2200012207031,780.2788098087021,9.999999999999995,tp_day1
window_252d_recent_weighted,WBD,2025-11-04,2025-11-05,94.92625870639061,139,8240.024628207348,59,1.3966143437639573,1.536275778140353,22.600000381469727,22.760000228881836,824.0024628207357,10.000000000000012,tp_day1
window_252d_recent_weighted,LIN,2025-11-05,2025-11-06,96.96928528767587,59,8490.202733921886,8,10.612753417402358,9.551478075662121,418.2300109863281,415.32000732421875,-849.0202733921888,-10.000000000000002,stop
window_252d_recent_weighted,WBD,2025-11-07,2025-11-10,95.77356752409607,168,8168.804728801822,67,1.2192245863883318,1.341147045027165,22.670000076293945,22.979999542236328,816.8804728801842,10.000000000000025,tp_day1
window_252d_recent_weighted,WBD,2025-11-10,2025-11-11,95.44153752579207,152,8564.319348223633,71,1.2062421617216383,1.3268663778938024,22.979999542236328,23.049999237060547,856.4319348223635,10.000000000000002,tp_day1
window_252d_recent_weighted,ZS,2025-11-11,2025-11-12,97.101816171143,191,8198.541143749511,7,11.712201633927874,10.540981470535087,331.2900085449219,317.0799865722656,-819.8541143749508,-9.999999999999995,stop
window_252d_recent_weighted,MCHP,2025-11-13,2025-11-14,95.03889802661274,41,8482.905880522214,32,2.6509080876631916,2.3858172788968726,54.810001373291016,53.47999954223633,-848.2905880522221,-10.000000000000009,stop
window_252d_recent_weighted,ORLY,2025-11-14,2025-11-17,93.26842785946909,168,7962.090243858924,26,3.0623424014842016,3.368576641632622,98.80000305175781,99.55999755859375,796.2090243858929,10.000000000000007,tp_day1
window_252d_recent_weighted,INSM,2025-11-17,2025-11-18,93.95123973583188,174,7502.984534465017,5,15.005969068930032,16.506565975823037,197.39999389648438,201.6199951171875,750.2984534465013,9.999999999999995,tp_day1
window_252d_recent_weighted,WBD,2025-11-18,2025-11-19,96.22502244626259,172,8982.57307077941,91,0.9870959418438912,0.8883863476595021,23.690000534057617,23.09000015258789,-898.2573070779417,-10.000000000000007,stop
window_252d_recent_weighted,INSM,2025-11-19,2025-11-20,94.27308692748437,178,7433.915351729321,5,14.867830703458642,16.35461377380451,203.55999755859375,199.63999938964844,743.3915351729329,10.000000000000012,tp_day1
window_252d_recent_weighted,CTSH,2025-11-20,2025-11-21,95.73669158594859,52,8928.785650215501,35,2.551081614347286,2.806189775782015,72.3499984741211,75.9800033569336,892.8785650215523,10.000000000000025,tp_day1
window_252d_recent_weighted,BKR,2025-11-21,2025-11-24,96.21553938232893,73,9366.68700281846,48,1.9513931255871793,2.1465324381458974,48.880001068115234,49.36000061035156,936.6687002818471,10.000000000000012,tp_day1
window_252d_recent_weighted,AAPL,2025-11-24,2025-11-25,94.6435472557426,152,9703.735126169126,17,5.7080794859818385,6.278887434580023,275.9200134277344,276.9700012207031,970.373512616914,10.000000000000014,tp_day1
window_252d_recent_weighted,GOOG,2025-11-25,2025-11-26,95.69814915785942,164,9342.699256096661,6,15.57116542682777,14.014048884144993,323.6400146484375,320.2799987792969,-934.2699256096657,-9.999999999999996,stop
window_252d_recent_weighted,ROST,2025-11-26,2025-11-28,93.3680815234129,109,9750.282142175563,14,6.964487244411117,7.66093596885223,177.69000244140625,176.36000061035156,975.0282142175583,10.00000000000002,tp_day1
window_252d_recent_weighted,BKR,2025-11-28,2025-12-01,96.25424246336867,68,10245.788134789917,54,1.8973681731092438,2.087104990420168,50.20000076293945,50.15999984741211,1024.578813478991,9.999999999999993,tp_day1
window_252d_recent_weighted,WBD,2025-12-01,2025-12-02,95.16385226235171,128,10847.893561354835,106,1.0233861850334751,1.1257248035368228,23.8700008392334,24.530000686645508,1084.7893561354867,10.00000000000003,tp_day1
window_252d_recent_weighted,ORLY,2025-12-02,2025-12-03,96.86601435499529,18,11303.234723434016,45,2.5118299385408926,2.2606469446868034,99.83999633789062,98.61000061035156,-1130.3234723434016,-10.0,stop
window_252d_recent_weighted,GOOGL,2025-12-03,2025-12-04,95.2032353538654,142,10768.79433472022,7,15.383991906743171,16.92239109741749,319.6300048828125,317.6199951171875,1076.8794334720224,10.000000000000004,tp_day1
window_252d_recent_weighted,BKR,2025-12-04,2025-12-05,94.93160959587614,49,11272.674577836364,78,1.4452146894662004,1.3006932205195803,50.61000061035156,49.20000076293945,-1127.2674577836387,-10.000000000000021,stop
window_252d_recent_weighted,CTSH,2025-12-05,2025-12-08,96.02473204527715,52,10733.76515392416,42,2.5556583699819426,2.811224206980137,80.72000122070312,80.70999908447266,1073.3765153924178,10.000000000000018,tp_day1
window_252d_recent_weighted,GOOG,2025-12-09,2025-12-10,95.26840043169969,134,9991.481759345355,7,14.273545370493364,15.700899907542702,317.75,321.0,999.148175934537,10.000000000000014,tp_day1
window_252d_recent_weighted,KLAC,2025-12-10,2025-12-11,96.20641518503062,143,11487.249364368938,2,57.43624682184469,51.69262213966022,1238.9100341796875,1246.1800537109375,-1148.7249364368927,-9.999999999999991,stop
window_252d_recent_weighted,CTSH,2025-12-11,2025-12-12,95.99451467812497,49,11268.112961691742,41,2.7483202345589612,3.0231522580148575,83.81999969482422,83.94000244140625,1126.811296169175,10.000000000000005,tp_day1
window_252d_recent_weighted,CTSH,2025-12-12,2025-12-15,96.30301595064915,54,11856.507387951133,44,2.694660769988894,2.4251946929900043,83.94000244140625,84.05000305175781,-1185.6507387951133,-10.0,stop
window_252d_recent_weighted,GOOGL,2025-12-15,2025-12-16,94.77550627390148,82,10891.56869263965,8,13.614460865799563,12.253014779219606,308.2200012207031,306.57000732421875,-1089.1568692639648,-9.999999999999998,stop
window_252d_recent_weighted,KLAC,2025-12-16,2025-12-17,95.50306396325794,79,5868.946637987735,1,58.689466379877345,52.82051974188961,1223.3699951171875,1172.02001953125,-586.8946637987738,-10.000000000000005,stop
window_252d_recent_weighted,CSX,2025-12-17,2025-12-18,95.11102572400735,32,10379.804089115281,123,0.8438865113101855,0.9282751624412042,36.5,36.61000061035156,1037.9804089115296,10.000000000000014,tp_day1
window_252d_recent_weighted,CTSH,2025-12-18,2025-12-19,95.48005581906648,35,10875.853426584388,45,2.416856317018753,2.6585419487206288,83.76000213623047,85.41000366210938,1087.58534265844,10.00000000000001,tp_day1
window_252d_recent_weighted,WDC,2025-12-22,2025-12-24,97.2704115994343,20,10884.880040089642,8,13.606100050112053,15.64701505762886,176.75999450683594,179.55999755859375,1632.7320060134462,15.0,tp_day2
window_252d_recent_weighted,CTSH,2025-12-23,2025-12-24,96.43779088790983,67,11761.753018858895,69,1.7046018867911443,1.875062075470259,85.18000030517578,85.41999816894531,1176.1753018858908,10.00000000000001,tp_day1
window_252d_recent_weighted,KLAC,2025-12-24,2025-12-26,96.75246316098305,148,10909.259112925174,2,54.54629556462587,60.000925121088464,1276.989990234375,1279.5999755859375,1090.9259112925192,10.000000000000018,tp_day1
window_252d_recent_weighted,WDC,2025-12-26,2025-12-29,95.04794812575503,127,12553.698588627685,10,12.553698588627684,11.298328729764917,181.5399932861328,179.67999267578125,-1255.3698588627685,-10.0,stop
window_252d_recent_weighted,GOOGL,2025-12-29,2025-12-30,93.6964244399975,115,12543.835788642476,13,9.649104452801906,10.614014898082097,313.55999755859375,313.8500061035156,1254.3835788642482,10.000000000000005,tp_day1
window_252d_recent_weighted,ROST,2025-12-30,2025-12-31,95.5615562570946,128,13181.619976499724,40,3.295404994124931,2.965864494712438,181.4499969482422,180.13999938964844,-1318.1619976499733,-10.000000000000007,stop
window_252d_recent_weighted,FANG,2026-01-02,2026-01-05,94.89943826027888,63,12666.125857267996,22,5.757329935121817,5.1815969416096355,152.33999633789062,146.99000549316406,-1266.612585726798,-9.999999999999986,stop
window_252d_recent_weighted,CTSH,2026-01-06,2026-01-07,97.34114914509512,80,11980.267278159778,51,2.3490720153254467,2.583979216857992,84.62000274658203,84.11000061035156,1198.0267278159808,10.000000000000025,tp_day1
window_252d_recent_weighted,BKNG,2026-01-07,2026-01-08,96.34948748931512,127,12353.519172131419,1,123.53519172131419,111.18167254918278,5445.72021484375,5445.0,-1235.35191721314,-9.999999999999986,stop
window_252d_recent_weighted,ROST,2026-01-08,2026-01-09,95.84462696607834,128,11908.182943387928,29,4.106269980478596,4.516896978526456,189.27000427246094,191.44000244140625,1190.8182943387947,10.000000000000016,tp_day1
window_252d_recent_weighted,WDC,2026-01-09,2026-01-12,95.46648923129911,126,11321.30968728148,5,22.64261937456296,24.906881312019255,200.4600067138672,212.13999938964844,1132.1309687281464,9.999999999999986,tp_day1
window_252d_recent_weighted,CTSH,2026-01-12,2026-01-13,96.45391147299718,42,13176.623579050722,58,2.2718316515604693,2.0446484864044225,85.2300033569336,84.47000122070312,-1317.6623579050702,-9.999999999999986,stop
window_252d_recent_weighted,GILD,2026-01-13,2026-01-14,100.0,15,12346.942450721486,31,3.98288466152306,4.381173127675367,121.76000213623047,124.06999969482422,1234.694245072149,10.000000000000004,tp_day1
window_252d_recent_weighted,WDC,2026-01-14,2026-01-15,94.64740883717678,82,11778.952718040337,5,23.557905436080674,25.913695979688743,215.0,222.10000610351562,1177.8952718040346,10.000000000000007,tp_day1
window_252d_recent_weighted,ROST,2026-01-15,2026-01-16,96.33684263308909,131,13796.873604385728,40,3.449218401096432,3.104296560986789,193.7899932861328,192.36000061035156,-1379.6873604385692,-9.999999999999973,stop
window_252d_recent_weighted,CTSH,2026-01-16,2026-01-20,97.57428992683002,61,12975.200526151742,49,2.6480001073779067,2.383200096640116,84.73999786376953,82.20999908447266,-1297.5200526151748,-10.000000000000005,stop
window_252d_recent_weighted,GILD,2026-01-20,2026-01-21,100.0,14,12270.379399079597,27,4.544584962622073,4.999043458884281,124.13999938964844,129.11000061035156,1227.037939907963,10.000000000000027,tp_day1
window_252d_recent_weighted,KLAC,2026-01-21,2026-01-22,97.17601822087616,146,10000.541201538736,1,100.00541201538735,110.00595321692609,1520.0,1500.0,1000.0541201538726,9.999999999999991,tp_day1
window_252d_recent_weighted,WDC,2026-01-22,2026-01-23,98.3235920749612,14,13122.11720841262,5,26.24423441682524,23.619810975142716,243.2899932861328,236.38999938964844,-1312.21172084126,-9.999999999999986,stop
window_252d_recent_weighted,ROST,2026-01-23,2026-01-26,95.84129547109245,113,12535.69061490294,27,4.642848375889978,4.17856353830098,188.5500030517578,187.57000732421875,-1253.5690614902924,-9.999999999999986,stop
window_252d_recent_weighted,KLAC,2026-01-26,2026-01-27,96.73600002454224,85,10280.240889140741,1,102.80240889140741,113.08264978054817,1543.030029296875,1616.3299560546875,1028.024088914075,10.000000000000009,tp_day1
window_252d_recent_weighted,EA,2026-01-27,2026-01-28,96.1482790655206,138,12842.689906531525,128,1.0033351489477753,0.9030016340529978,204.3699951171875,203.94000244140625,-1284.2689906531523,-10.0,stop
window_252d_recent_weighted,KLAC,2026-01-28,2026-01-29,96.70864125037049,117,10965.847245272236,1,109.65847245272236,120.62431969799461,1627.199951171875,1684.7099609375,1096.5847245272253,10.000000000000014,tp_day1
window_252d_recent_weighted,PCAR,2026-01-29,2026-01-30,97.8777540411987,21,12472.485131032812,30,4.157495043677604,3.7417455393098433,123.31999969482422,122.91000366210938,-1247.2485131032809,-9.999999999999996,stop
window_252d_recent_weighted,GILD,2026-01-30,2026-02-02,97.22803724491835,65,12104.702881983476,20,6.052351440991738,6.657586585090913,141.9499969482422,142.88999938964844,1210.4702881983503,10.000000000000023,tp_day1
window_252d_recent_weighted,WDC,2026-02-02,2026-02-03,95.52075902971066,42,10220.458821570974,3,34.068196071903245,37.47501567909357,270.2300109863281,290.239990234375,1022.0458821570974,10.0,tp_day1
window_252d_recent_weighted,GILD,2026-02-03,2026-02-04,97.31836888201676,66,13240.713563894598,24,5.5169639849560825,6.068660383451691,143.27999877929688,146.22999572753906,1324.0713563894606,10.000000000000005,tp_day1
window_252d_recent_weighted,ADP,2026-02-04,2026-02-05,93.1898668672066,16,13788.334348948863,18,7.660185749416036,8.42620432435764,234.6699981689453,233.99000549316406,1378.8334348948883,10.000000000000014,tp_day1
window_252d_recent_weighted,KLAC,2026-02-05,2026-02-06,96.54419982983754,69,13381.988647769796,1,133.81988647769796,147.20187512546778,1331.030029296875,1442.949951171875,1338.1988647769813,10.000000000000012,tp_day1
window_252d_recent_weighted,CMCSA,2026-02-06,2026-02-09,97.36166936658438,46,15197.417674429993,147,1.033837937036054,0.9304541433324486,31.3700008392334,31.610000610351562,-1519.741767442998,-9.999999999999993,stop
window_252d_recent_weighted,PCAR,2026-02-09,2026-02-10,97.29899611951134,13,14150.656526094719,39,3.6283734682294155,3.9912108150523573,127.26000213623047,127.06999969482422,1415.0656526094754,10.000000000000025,tp_day1
window_252d_recent_weighted,CMCSA,2026-02-10,2026-02-11,97.56938658819774,49,15120.762909937815,143,1.0573960076879592,1.1631356084567552,32.310001373291016,32.47999954223633,1512.0762909937857,10.000000000000028,tp_day1
window_252d_recent_weighted,PCAR,2026-02-11,2026-02-12,96.44750590994363,60,15682.965550093928,41,3.825113548803397,3.442602193923057,129.47999572753906,124.83999633789062,-1568.296555009394,-10.000000000000007,stop
window_252d_recent_weighted,MDLZ,2026-02-12,2026-02-13,95.81529708273926,66,15164.557339445171,109,1.3912437926096488,1.530368171870614,61.86000061035156,62.59000015258789,1516.45573394452,10.000000000000018,tp_day1
window_252d_recent_weighted,WDC,2026-02-13,2026-02-17,98.6864808365651,13,13048.958557252203,4,32.62239639313051,35.88463603244356,281.5799865722656,284.1099853515625,1304.8958557252208,10.000000000000005,tp_day1
window_252d_recent_weighted,GILD,2026-02-17,2026-02-18,97.01809320512531,56,16163.66742481133,24,6.734861427004721,7.408347569705193,155.27000427246094,152.74000549316406,1616.3667424811356,10.000000000000016,tp_day1
window_252d_recent_weighted,EA,2026-02-18,2026-02-20,97.38809990268238,141,17099.0221508841,52,3.2882734905546345,3.617372527258638,200.22999572753906,200.39999389648438,1711.3149908608211,10.008262319096055,time_exit
window_252d_recent_weighted,PCAR,2026-02-19,2026-02-20,98.73772322999001,24,17350.30696022548,46,3.7718058609185827,4.148986447010441,124.9000015258789,128.4600067138672,1735.0306960225462,9.99999999999999,tp_day1
window_252d_recent_weighted,PCAR,2026-02-20,2026-02-23,98.78533470675912,25,18875.538386392578,45,4.194564085865017,3.7751076772785153,128.4600067138672,126.05999755859375,-1887.5538386392582,-10.000000000000002,stop
window_252d_recent_weighted,GILD,2026-02-23,2026-02-24,100.0,19,18061.775687962963,29,6.228198513090677,5.60537866178161,149.8300018310547,147.63999938964844,-1806.1775687962927,-9.99999999999998,stop
window_252d_recent_weighted,MDLZ,2026-02-24,2026-02-25,96.57482438705169,75,17107.7002304394,80,2.1384625288049253,1.9246162759244327,61.130001068115234,60.119998931884766,-1710.7700230439386,-9.999999999999991,stop
window_252d_recent_weighted,ROST,2026-02-25,2026-02-26,96.10920885712171,136,16112.284409606116,47,3.4281456190651314,3.770960180971645,201.52999877929688,203.5,1611.2284409606145,10.000000000000018,tp_day1
window_252d_recent_weighted,WDC,2026-02-26,2026-02-27,98.65737986056153,10,15548.64471801048,5,31.09728943602096,34.20701837962306,282.25,279.70001220703125,1554.8644718010473,9.999999999999995,tp_day1
window_252d_recent_weighted,PCAR,2026-02-27,2026-03-02,98.68461486390488,21,17713.601200754445,42,4.217524095417724,3.7957716858759523,126.08999633789062,124.43000030517578,-1771.3601200754456,-10.000000000000005,stop
window_252d_recent_weighted,WDC,2026-03-02,2026-03-03,98.85395364684878,13,16221.09200781389,6,27.03515334635648,24.331638011720834,270.0799865722656,250.61000061035156,-1622.1092007813895,-10.000000000000004,stop
window_252d_recent_weighted,GILD,2026-03-03,2026-03-04,100.0,12,16115.858528383094,24,6.714941053492956,7.386435158842253,147.8300018310547,148.22000122070312,1611.5858528383142,10.00000000000003,tp_day1
window_252d_recent_weighted,CSX,2026-03-04,2026-03-05,95.99968188964337,82,17097.35703521461,196,0.872314134449725,0.7850827210047525,42.779998779296875,41.150001525878906,-1709.735703521459,-9.99999999999999,stop
window_252d_recent_weighted,WDC,2026-03-05,2026-03-06,97.85993254672987,45,14064.640961088056,6,23.441068268480095,21.096961441632086,259.0299987792969,245.25,-1406.4640961088062,-10.000000000000004,stop
window_252d_recent_weighted,XEL,2026-03-06,2026-03-09,93.37056314457554,13,15371.347525334546,76,2.0225457270177034,1.820291154315933,82.5199966430664,82.0999984741211,-1537.134752533455,-10.000000000000002,stop
window_252d_recent_weighted,PEP,2026-03-09,2026-03-10,100.0,11,14723.456563462023,32,4.601080176081882,4.140972158473694,161.52999877929688,160.77999877929688,-1472.3456563462023,-10.0,stop
